id,name,type,typecode,address,lng,lat,tel,rating,cost,group,pname,cityname,adname
B0J2RMN5VH,徐家汇街道社区卫生服务中心,医疗保健服务;综合医院;卫生院,090102,广元西路349号,121.431706,31.194506,021-64478614;021-64479206,[],[],生活服务|医疗保健,上海市,上海市,徐汇区
B00155BWFZ,枫林街道社区卫生服务中心,医疗保健服务;综合医院;卫生院,090102,双峰路450号,121.449105,31.180090,021-64399271;021-64399667,[],[],生活服务|医疗保健,上海市,上海市,徐汇区
B00151F3C4,天平街道社区卫生服务中心,医疗保健服务;综合医院;卫生院,090102,太原路110号,121.454653,31.206818,021-64319642;021-64335912,[],[],生活服务|医疗保健,上海市,上海市,徐汇区
B00156EHKU,斜土街道社区卫生服务中心,医疗保健服务;综合医院;卫生院,090102,零陵北路2号(大木桥路地铁站1号口步行380米),121.464510,31.196600,021-64042727,[],[],生活服务|医疗保健,上海市,上海市,徐汇区
B0015548FV,新华街道社区卫生服务中心,医疗保健服务;综合医院;卫生院,090102,华山路1467(交通大学地铁站6号口步行410米),121.433634,31.206173,,[],[],生活服务|医疗保健,上海市,上海市,长宁区
B0FFH7FKR2,上海市徐汇区枫林街道社区卫生服务中心谨斜社区卫生服务站,医疗保健服务;综合医院;卫生院,090102,斜土路2167弄10号,121.449242,31.193614,15299764623,[],[],生活服务|医疗保健,上海市,上海市,徐汇区
B001522E17,南丹社区卫生服务站,医疗保健服务;综合医院;卫生院,090102,徐虹路112弄11号,121.431549,31.190108,,[],[],生活服务|医疗保健,上海市,上海市,徐汇区
B00155MV5B,广元社区卫生服务站,医疗保健服务;综合医院;卫生院,090102,广元路150号,121.440042,31.199408,021-62825982,[],[],生活服务|医疗保健,上海市,上海市,徐汇区
B0JRCZ21R5,徐汇新村社区卫生服务站,医疗保健服务;综合医院;卫生院,090102,蒲汇塘路68号(上海体育馆地铁站1号口步行470米),121.435663,31.186037,021-64693944,[],[],生活服务|医疗保健,上海市,上海市,徐汇区
B00155QIV0,中泰社区卫生服务站(上海市新黄浦区市民求助中心西),医疗保健服务;综合医院;卫生院,090102,瑞金二路410弄13-3号(打浦桥地铁站4号口步行250米),121.465884,31.206847,021-64330871,[],[],生活服务|医疗保健,上海市,上海市,黄浦区
B00156NY53,新华街道社区卫生服务中心红庄社区卫生服务站,医疗保健服务;综合医院;卫生院,090102,淮海西路62号(交通大学地铁站5号口旁),121.433581,31.201772,,[],[],生活服务|医疗保健,上海市,上海市,长宁区
B0LG716JP1,上海市长宁区新华街道社区卫生服务中心康复中心,医疗保健服务;综合医院;卫生院,090102,番禺路222弄与安西路交叉口南80米,121.426675,31.206125,,[],[],生活服务|医疗保健,上海市,上海市,长宁区
B0JUZAB7MJ,天龙社区卫生服务站,医疗保健服务;综合医院;卫生院,090102,天钥新村125号,121.448035,31.184235,021-64688516,[],[],生活服务|医疗保健,上海市,上海市,徐汇区
B0FFH166OS,复旦大学上海医学院枫林街道社区卫生服务中心门诊楼,医疗保健服务;综合医院;卫生院,090102,枫林街道社区卫生服务中心东北门旁,121.449401,31.180150,,[],[],生活服务|医疗保健,上海市,上海市,徐汇区
B0FFFZSFRJ,梧桐社区卫生服务站,医疗保健服务;综合医院;卫生院,090102,建国西路253-1号(嘉善路地铁站2号口步行470米),121.460908,31.205894,021-64459143,[],[],生活服务|医疗保健,上海市,上海市,徐汇区
B00155LZ4O,陕建社区卫生服务站,医疗保健服务;综合医院;卫生院,090102,陕西南路271弄25号,121.462623,31.208107,,[],[],生活服务|医疗保健,上海市,上海市,黄浦区
B0LB4DF0KQ,上海市徐汇区枫林街道社区卫生服务中心西木社区卫生服务站,医疗保健服务;综合医院;卫生院,090102,小木桥路368-5号(大木桥路地铁站3号口步行440米),121.459425,31.195279,,[],[],生活服务|医疗保健,上海市,上海市,徐汇区
B0KG1U5Z2M,宛平社区卫生服务站,医疗保健服务;综合医院;卫生院,090102,双峰路430号,121.449324,31.180073,,[],[],生活服务|医疗保健,上海市,上海市,徐汇区
B0K30AUY89,斜土街道清真社区卫生服务站,医疗保健服务;综合医院;卫生院,090102,医学院路52号(嘉善路地铁站4号口步行440米),121.457901,31.200022,,[],[],生活服务|医疗保健,上海市,上海市,徐汇区
B00155LADB,上海市徐汇区田林街道社区卫生服务中心吴东社区卫生服务站,医疗保健服务;综合医院;卫生院,090102,吴中东路500弄4-3号,121.421885,31.191189,,[],[],生活服务|医疗保健,上海市,上海市,徐汇区
B0KDPL9HAW,上影社区卫生服务站,医疗保健服务;综合医院;卫生院,090102,大木桥路41弄1号(嘉善路地铁站4号口步行330米),121.461947,31.198739,,[],[],生活服务|医疗保健,上海市,上海市,徐汇区
B0KDPOBDFX,武康社区卫生服务站,医疗保健服务;综合医院;卫生院,090102,湖南街道湖南路301号,121.437767,31.208367,,[],[],生活服务|医疗保健,上海市,上海市,徐汇区
B0JBLCRKGL,龙华新村社区卫生服务站,医疗保健服务;综合医院;卫生院,090102,华容路与双峰路交叉口西南140米,121.448453,31.179152,,[],[],生活服务|医疗保健,上海市,上海市,徐汇区
B0JUT9SIPR,上海市徐汇区天平街道嘉澜社区卫生服务站,医疗保健服务;诊所;诊所,090300,建国西路与嘉善路交叉口东60米,121.460853,31.205924,,[],[],生活服务|医疗保健,上海市,上海市,徐汇区
B0K30AUY8A,斜土街道江南社区卫生服务站,医疗保健服务;综合医院;卫生院,090102,大木桥路600弄江南一村55号,121.464098,31.192517,,[],[],生活服务|医疗保健,上海市,上海市,徐汇区
B0KK7SOPKO,黄浦区打浦桥街道社区卫生服务中心日月光社区卫生服务站,医疗保健服务;综合医院;卫生院,090102,徐家汇路610号22层(打浦桥地铁站3号口旁),121.468675,31.205925,,[],[],生活服务|医疗保健,上海市,上海市,黄浦区
B0FFK6U24K,枫林街道医枫社区卫生服务站,医疗保健服务;综合医院;卫生院,090102,医学院路110弄33号,121.455536,31.198738,,[],[],生活服务|医疗保健,上海市,上海市,徐汇区
B0K30AUQIK,斜土街道日晖六村社区卫生服务站,医疗保健服务;综合医院;卫生院,090102,日晖六村70号(大木桥路地铁站3号口步行240米),121.460795,31.194466,,[],[],生活服务|医疗保健,上海市,上海市,徐汇区
B0LRFH7C4B,斜土街道社区卫生服务中心-发热门诊,医疗保健服务;综合医院;卫生院,090102,零陵北路与茶陵路交叉口南60米,121.464520,31.196607,,[],[],生活服务|医疗保健,上海市,上海市,徐汇区
B0LRFH6F5W,中山医院医疗联合体天平街道社区卫生服务中心-发热门诊,医疗保健服务;综合医院;卫生院,090102,太原路与永嘉路交叉口南40米,121.454655,31.206882,,[],[],生活服务|医疗保健,上海市,上海市,徐汇区
B0L0HPPZBG,新华街道社区卫生服务中心-发热门诊,医疗保健服务;综合医院;卫生院,090102,华山路与华山路1520弄交叉口北100米,121.433601,31.206202,,[],[],生活服务|医疗保健,上海市,上海市,长宁区
B0KANCSWA1,新华街道社区卫生服务中心骨关节与骨质疏松专病门诊,医疗保健服务;综合医院;卫生院|医疗保健服务;诊所;诊所,090102|090300,华山路与华山路1520弄交叉口北80米,121.433730,31.206100,,[],[],生活服务|医疗保健,上海市,上海市,长宁区
B00156TKFX,复旦大学附属中山医院,医疗保健服务;综合医院;三级甲等医院,090101,枫林路180号,121.454965,31.197318,021-51078220;021-64037245,[],[],医疗保健,上海市,上海市,徐汇区
B00155IVBR,上海交通大学医学院附属第六人民医院(徐汇院区),医疗保健服务;综合医院;三级甲等医院,090101,宜山路600号,121.422376,31.178477,021-64369181,[],[],医疗保健,上海市,上海市,徐汇区
B00155L9T9,上海交通大学医学院附属瑞金医院(黄浦院区),医疗保健服务;综合医院;三级甲等医院,090101,瑞金二路197号,121.467617,31.211761,,[],[],医疗保健,上海市,上海市,黄浦区
B0FFF5RB0L,复旦大学附属中山医院(东院区),医疗保健服务;综合医院;三级甲等医院,090101,斜土路1609号,121.456520,31.197196,,[],[],医疗保健,上海市,上海市,徐汇区
B00150FA66,上海中医药大学附属龙华医院(徐汇院区),医疗保健服务;综合医院;三级甲等医院,090101,宛平南路725号,121.450586,31.187994,021-64385700,[],[],医疗保健,上海市,上海市,徐汇区
B001556X1H,复旦大学附属中山医院(西院区),医疗保健服务;综合医院;三级甲等医院,090101,枫林路180号,121.453999,31.197422,,[],[],医疗保健,上海市,上海市,徐汇区
B00154DGB4,复旦大学附属眼耳鼻喉科医院(宝庆院区),医疗保健服务;专科医院;耳鼻喉医院|医疗保健服务;综合医院;三级甲等医院,090204|090101,宝庆路19号,121.450388,31.210151,,[],[],医疗保健,上海市,上海市,徐汇区
B001570WI8,上海市第六人民医院门诊,医疗保健服务;综合医院;三级甲等医院,090101,宜山路600号上海市第六人民医院内,121.423699,31.179052,,[],[],医疗保健,上海市,上海市,徐汇区
B00155EI80,上海交通大学医学院附属国际和平妇幼保健院(徐汇院区),医疗保健服务;综合医院;三级甲等医院,090101,华山路1961号,121.438554,31.196263,021-64072452,[],[],医疗保健,上海市,上海市,徐汇区
B00155DB6Q,上海交通大学医学院附属瑞金医院门诊部,医疗保健服务;综合医院;三级甲等医院,090101,瑞金二路197号(打浦桥地铁站4号口步行470米),121.466410,31.210381,,[],[],医疗保健,上海市,上海市,黄浦区
B0FFK522JI,中国人民解放军海军第九〇五医院本部,医疗保健服务;综合医院;三级甲等医院,090101,华山路1328号,121.432395,31.209648,021-81818585,[],[],医疗保健,上海市,上海市,长宁区
B0FFGEH42T,复旦大学附属中山医院西院区门诊,医疗保健服务;综合医院;三级甲等医院,090101,医学院路111号,121.453222,31.198584,,[],[],医疗保健,上海市,上海市,徐汇区
B0FFJPVBCT,中国人民解放军海军特色医学中心,医疗保健服务;综合医院;三级甲等医院,090101,淮海西路338号,121.427922,31.200425,021-81815455,[],[],医疗保健,上海市,上海市,长宁区
B00154DHON,上海博爱医院,医疗保健服务;综合医院;综合医院,090100,淮海中路1590号(上海图书馆地铁站1号口步行90米),121.444543,31.208888,021-64312600;021-64333999,[],[],医疗保健,上海市,上海市,徐汇区
B0FFINMRZJ,复旦大学附属中山医院东院区15号楼,医疗保健服务;综合医院;综合医院,090100,小木桥路250号复旦大学附属中山医院分部15号楼,121.457406,31.197407,,[],[],医疗保健,上海市,上海市,徐汇区
B0G3PHT09V,上海市光华中西医结合医院(延安西路院区),医疗保健服务;综合医院;三级甲等医院,090101,延安西路1508号,121.422424,31.208509,,[],[],医疗保健,上海市,上海市,长宁区
B00154DQPK,复旦大学附属华山医院(江苏路分部),医疗保健服务;综合医院;三级甲等医院,090101,江苏路796号,121.433136,31.212084,,[],[],医疗保健,上海市,上海市,长宁区
B0FFFEOCV6,上海中医药大学附属龙华医院总院门诊,医疗保健服务;综合医院;三级甲等医院,090101,宛平南路725号,121.449462,31.188098,,[],[],医疗保健,上海市,上海市,徐汇区
B0FFGER0CQ,复旦大学附属中山医院东院区急诊,医疗保健服务;综合医院;三级甲等医院,090101,斜土路1609号复旦大学附属中山医院东院区内,121.455979,31.196445,,[],[],医疗保健,上海市,上海市,徐汇区
B00156NS42,复旦大学附属眼耳鼻喉科医院汾阳院区门诊,医疗保健服务;专科医院;耳鼻喉医院|医疗保健服务;综合医院;综合医院,090204|090100,汾阳路83号复旦大学附属眼耳鼻喉科医院内,121.453018,31.209543,021-64376425,[],[],医疗保健,上海市,上海市,徐汇区
B0LDHHLHWG,上海市第六人民医院8号楼,医疗保健服务;综合医院;三级甲等医院,090101,宜山路600号,121.421274,31.178826,,[],[],医疗保健,上海市,上海市,徐汇区
B00156YNTQ,上海市第六人民医院急诊,医疗保健服务;综合医院;三级甲等医院,090101,宜山路600号上海市第六人民医院内,121.423350,31.178260,,[],[],医疗保健,上海市,上海市,徐汇区
B001570WMR,上海交通大学医学院附属瑞金医院急诊,医疗保健服务;综合医院;三级甲等医院,090101,瑞金二路201-2号,121.466121,31.212180,,[],[],医疗保健,上海市,上海市,黄浦区
B0IAFOBJFH,上海敦复医院,医疗保健服务;专科医院;肿瘤医院|医疗保健服务;综合医院;综合医院,090207|090100,冠霖大楼西北门旁,121.461239,31.188990,,[],[],医疗保健,上海市,上海市,徐汇区
B00150F923,港华医院,医疗保健服务;综合医院;综合医院,090100,淮海西路282号(近番禺路),121.428949,31.199975,17601391186,[],[],医疗保健,上海市,上海市,长宁区
B0FFMARNSU,复旦大学附属中山医院东院区高级专家门诊,医疗保健服务;综合医院;三级甲等医院,090101,小木桥路250号,121.457579,31.197450,,[],[],医疗保健,上海市,上海市,徐汇区
B00156NS6W,上海交通大学医学院附属瑞金医院体检中心,医疗保健服务;综合医院;三级甲等医院,090101,瑞金二路197号门诊大楼8层,121.466638,31.210314,021-34186000,[],[],医疗保健,上海市,上海市,黄浦区
B0FFGER0CB,复旦大学附属中山医院西院区门诊综合楼,医疗保健服务;综合医院;三级甲等医院,090101,枫林路180号复旦大学附属中山医院(西院区),121.453476,31.199004,,[],[],医疗保健,上海市,上海市,徐汇区
B0FFF8WICR,复旦大学附属中山医院西院区21号楼住院部,医疗保健服务;综合医院;三级甲等医院,090101,医学院路111号,121.452840,31.198829,,[],[],医疗保健,上海市,上海市,徐汇区
B0K1MUNLVD,复旦大学附属中山医院内镜中心,医疗保健服务;综合医院;三级甲等医院,090101,枫林路160号,121.454581,31.198184,,[],[],医疗保健,上海市,上海市,徐汇区
B00156QDQV,上海市第六人民医院住院部,医疗保健服务;综合医院;三级甲等医院,090101,宜山路600号上海市第六人民医院内,121.422585,31.179634,,[],[],医疗保健,上海市,上海市,徐汇区
B0G0OXWNBB,上海蓝生万众医院,医疗保健服务;综合医院;综合医院,090100,吴中路2号,121.420696,31.189253,17621431284,[],[],医疗保健,上海市,上海市,徐汇区
B0FFLHDMNW,复旦大学附属中山医院东院区门诊,医疗保健服务;综合医院;三级甲等医院,090101,斜土路1609号复旦大学附属中山医院(东院区),121.456763,31.196580,,[],[],医疗保健,上海市,上海市,徐汇区
B0FFF4PJV6,复旦大学附属中山医院东院区体检中心,医疗保健服务;综合医院;三级甲等医院,090101,枫林路179号,121.455621,31.197069,021-31033703,[],[],医疗保健,上海市,上海市,徐汇区
B00155FIOS,上海文艺医院,医疗保健服务;综合医院;综合医院,090100,天平路40号(交通大学地铁站1号口步行470米),121.437426,31.202644,021-62821999,[],[],医疗保健,上海市,上海市,徐汇区
B00157806J,上海交通大学医学院附属国际和平妇幼保健院徐汇院区发热门诊,医疗保健服务;综合医院;三级甲等医院|医疗保健服务;专科医院;专科医院|医疗保健服务;诊所;诊所,090101|090200|090300,衡山路910号(徐家汇地铁站15号口步行110米),121.438379,31.196436,021-64070434,[],[],医疗保健,上海市,上海市,徐汇区
B0FFH5CX4V,复旦大学附属中山医院东院区住院部,医疗保健服务;综合医院;三级甲等医院,090101,斜土路1609号,121.456529,31.196952,,[],[],医疗保健,上海市,上海市,徐汇区
B0FFI9CO9O,复旦大学附属中山医院东院区特需门诊,医疗保健服务;综合医院;三级甲等医院,090101,中山医院15号楼,121.457629,31.197368,,[],[],医疗保健,上海市,上海市,徐汇区
B00157759C,上海市第六人民医院医技楼,医疗保健服务;综合医院;三级甲等医院,090101,宜山路600号上海交通大学医学院附属第六人民医院(徐汇院区),121.422980,31.178844,021-64709827,3.5,[],医疗保健,上海市,上海市,徐汇区
B0FFK1YLAM,中国人民解放军海军特色医学中心医技楼,医疗保健服务;综合医院;综合医院,090100,淮海西路338号,121.427532,31.200638,,[],[],医疗保健,上海市,上海市,长宁区
B0IGZZZDJV,上海交通大学医学院附属瑞金医院感染科36号楼肝炎门诊,医疗保健服务;综合医院;综合医院,090100,瑞金二路197号上海交通大学医学院附属瑞金医院(黄浦院区),121.469175,31.210422,,[],[],医疗保健,上海市,上海市,黄浦区
B0FFIL05R1,上海交通大学医学院附属瑞金医院33号楼,医疗保健服务;综合医院;三级甲等医院,090101,瑞金医院33号楼,121.467873,31.210610,,[],[],医疗保健,上海市,上海市,黄浦区
B001570WVK,上海交通大学医学院附属国际和平妇幼保健院徐汇院区急诊,医疗保健服务;综合医院;三级甲等医院,090101,衡山路910号中国福利会国际和平妇幼保健院内,121.438208,31.196612,021-64070434,[],[],医疗保健,上海市,上海市,徐汇区
B0H25PMKYE,上海市第六人民医院体检,医疗保健服务;综合医院;三级甲等医院,090101,宜山路600号(门诊大楼十四楼),121.423600,31.178992,,2.5,[],医疗保健,上海市,上海市,徐汇区
B0FFK9SNBT,中国人民解放军海军特色医学中心急诊,医疗保健服务;综合医院;三级甲等医院,090101,淮海西路338号中国人民解放军海军特色医学中心内,121.427864,31.199730,021-62839788;021-81815455,[],[],医疗保健,上海市,上海市,长宁区
B00154044A,上海邮电医院(南部),医疗保健服务;综合医院;综合医院,090100,复兴中路1315号(陕西南路地铁站7号口步行490米),121.455324,31.211680,021-64670090,[],[],医疗保健,上海市,上海市,徐汇区
B0FFFZKUM6,上海中医药大学零陵路530号科技综合楼,医疗保健服务;综合医院;综合医院,090100,零陵路530号(东安路地铁站3号口步行320米),121.451009,31.189072,,[],[],医疗保健,上海市,上海市,徐汇区
B0FFGYZ5VQ,上海交通大学医学院附属瑞金医院特需医疗保健中心,医疗保健服务;综合医院;三级甲等医院,090101,瑞金二路街道197号瑞金医院10号楼,121.468150,31.212337,,[],[],医疗保健,上海市,上海市,黄浦区
B0FFFEVZNI,上海中医药大学附属龙华医院急诊,医疗保健服务;综合医院;三级甲等医院,090101,宛平南路725号上海中医药大学附属龙华医院内,121.449312,31.188441,021-64385700;021-64650566,[],[],医疗保健,上海市,上海市,徐汇区
B0FFK522IT,中国人民解放军海军第九〇五医院本部门诊部,医疗保健服务;综合医院;三级甲等医院,090101,华山路1328号海军第九〇五医院内,121.432580,31.208901,,[],[],医疗保健,上海市,上海市,长宁区
B0FFLP7QE3,上海市第六人民医院骨科临床诊疗中心,医疗保健服务;综合医院;三级甲等医院,090101,宜山路600号上海交通大学医学院附属第六人民医院(徐汇院区),121.421560,31.178650,,[],[],医疗保健,上海市,上海市,徐汇区
B0H1NC9B55,中国人民解放军海军第九〇五医院本部2号楼住院部,医疗保健服务;综合医院;三级甲等医院,090101,华山路1328号中国人民解放军海军第九O五医院本部,121.432559,31.209487,,[],[],医疗保健,上海市,上海市,长宁区
B0LGF6KFRK,上海市五官科医院宝庆路分部-屈光手术室,医疗保健服务;综合医院;综合医院,090100,宝庆路19号上海市五官科医院宝庆路分部4楼,121.450310,31.210149,,[],[],医疗保健,上海市,上海市,徐汇区
B0FFH5CX4W,复旦大学附属中山医院东院区生殖医学中心,医疗保健服务;综合医院;三级甲等医院,090101,小木桥路260号15号楼4-5楼,121.457611,31.197476,,[],[],医疗保健,上海市,上海市,徐汇区
B0FFFEOFJN,上海中医药大学附属龙华医院总院住院部,医疗保健服务;综合医院;三级甲等医院,090101,宛平南路725号上海中医药大学附属龙华医院内,121.449715,31.187575,021-64385700,[],[],医疗保健,上海市,上海市,徐汇区
B0FFKAQQE0,中国人民解放军海军特色医学中心住院部,医疗保健服务;综合医院;综合医院,090100,淮海西路338号中国人民解放军海军特色医学中心内,121.428141,31.200709,,[],[],医疗保健,上海市,上海市,长宁区
B0LD3HKKWF,复旦大学附属中山医院儿科中心,医疗保健服务;综合医院;综合医院,090100,枫林路100号,121.453995,31.198871,,[],[],医疗保健,上海市,上海市,徐汇区
B00156NMAU,上海中医药大学附属龙华医院中医儿科,医疗保健服务;综合医院;三级甲等医院,090101,宛平南路725号4楼,121.449536,31.187968,,[],[],医疗保健,上海市,上海市,徐汇区
B0FFK91FG7,上海博爱医院体检中心,医疗保健服务;综合医院;综合医院,090100,淮海中路1590号上海博爱医院,121.444511,31.208735,,[],[],医疗保健,上海市,上海市,徐汇区
B0FFLEQHHW,上海交通大学医学院附属瑞金医院儿科急诊,医疗保健服务;综合医院;三级甲等医院,090101,永嘉路上海交通大学医学院附属瑞金医院,121.466219,31.212015,,[],[],医疗保健,上海市,上海市,黄浦区
B0FFG1Z5YP,复旦大学附属中山医院西院区外科大楼,医疗保健服务;综合医院;三级甲等医院,090101,枫林路180号复旦大学附属中山医院(西院区),121.453913,31.197536,,[],[],医疗保健,上海市,上海市,徐汇区
B0FFGTPI6R,复旦大学附属华山医院江苏路分部第三门诊部,医疗保健服务;综合医院;三级甲等医院,090101,江苏路796号,121.433561,31.212434,021-52889317,[],[],医疗保健,上海市,上海市,长宁区
B00156ZAS0,上海中医药大学附属龙华医院药剂楼,医疗保健服务;综合医院;综合医院,090100,宛平南路725号上海中医药大学附属龙华医院(徐汇院区),121.450056,31.188694,18964145021,[],[],医疗保健,上海市,上海市,徐汇区
B0FFHJ3RP5,上海交通大学医学院附属瑞金医院转化医学大楼,医疗保健服务;综合医院;综合医院,090100,瑞金二路197号上海交通大学医学院附属瑞金医院(黄浦院区),121.468875,31.210975,,[],[],医疗保健,上海市,上海市,黄浦区
B0FFHUL07T,上海交通大学医学院附属瑞金医院特需门诊,医疗保健服务;综合医院;三级甲等医院,090101,瑞金二路197号上海交通大学医学院附属瑞金医院(黄浦院区),121.468059,31.212491,,[],[],医疗保健,上海市,上海市,黄浦区
B0FFGDLN0T,上海市第六人民医院发热门诊,医疗保健服务;综合医院;三级甲等医院,090101,宜山路600号上海交通大学医学院附属第六人民医院(徐汇院区),121.423519,31.179368,,[],[],医疗保健,上海市,上海市,徐汇区
B0FFGDF7SY,复旦大学附属眼耳鼻喉科医院10号楼,医疗保健服务;综合医院;综合医院,090100,汾阳路83号,121.453438,31.208542,021-64377134,[],[],医疗保健,上海市,上海市,徐汇区
B0I3DA3W1T,上海交通大学医学院附属瑞金医院门诊皮肤科,医疗保健服务;综合医院;三级甲等医院,090101,瑞金二路197号上海交通大学医学院附属瑞金医院(黄浦院区),121.466465,31.210377,021-64370000,[],[],医疗保健,上海市,上海市,黄浦区
B0G3MHXZ5P,复旦大学附属华山医院(伽马分院),医疗保健服务;综合医院;三级甲等医院,090101,吴中东路518号,121.422102,31.190062,,[],[],医疗保健,上海市,上海市,徐汇区
B0FFG65FF0,复旦大学附属中山医院东院区行政楼,医疗保健服务;综合医院;三级甲等医院,090101,东安路131号复旦大学枫林校区东区,121.456505,31.196365,,[],[],医疗保健,上海市,上海市,徐汇区
B0FFH105X5,上海交通大学医学院附属瑞金医院发热门急诊,医疗保健服务;综合医院;三级甲等医院,090101,瑞金二路197号,121.466459,31.210974,,[],[],医疗保健,上海市,上海市,黄浦区
B00155K8JH,复旦大学附属中山医院西院区整形外科,医疗保健服务;综合医院;三级甲等医院,090101,枫林路180号复旦大学附属中山医院(西院区),121.453476,31.199004,4000215020,[],[],医疗保健,上海市,上海市,徐汇区
B0FFG0PTSD,上海交通大学医学院附属瑞金医院病理科,医疗保健服务;综合医院;三级甲等医院,090101,瑞金二路197号上海交通大学医学院附属瑞金医院(黄浦院区),121.468548,31.212906,,[],[],医疗保健,上海市,上海市,黄浦区
B0FFH5CX4N,复旦大学附属中山医院西院区内科病房大楼,医疗保健服务;综合医院;三级甲等医院,090101,中山医院3号楼,121.453385,31.198155,,[],[],医疗保健,上海市,上海市,徐汇区
B0FFGL0MAM,复旦大学附属中山医院东院区心血管病门诊,医疗保健服务;综合医院;三级甲等医院,090101,斜土路1609号复旦大学附属中山医院(东院区),121.456654,31.196554,,[],[],医疗保健,上海市,上海市,徐汇区
B0IR412P5N,复旦大学附属中山医院东院区心脏介入中心,医疗保健服务;综合医院;三级甲等医院,090101,斜土路复旦大学附属中山医院东院1609号16号楼2层,121.456525,31.196975,,[],[],医疗保健,上海市,上海市,徐汇区
B0FFM15O7K,中国人民解放军海军特色医学中心办公楼,医疗保健服务;综合医院;综合医院,090100,淮海西路338号,121.428175,31.199775,,[],[],医疗保健,上海市,上海市,长宁区
B00156ZGYJ,上海中医药大学附属龙华医院远志楼,医疗保健服务;综合医院;三级甲等医院,090101,宛平南路725号上海中医药大学附属龙华医院(徐汇院区),121.451025,31.187623,021-64385700,[],[],医疗保健,上海市,上海市,徐汇区
B0HGR5MEDY,上海万众医院住院部,医疗保健服务;综合医院;综合医院,090100,吴中路与中山西路交叉口西100米,121.420121,31.189194,17621431284,[],[],医疗保健,上海市,上海市,徐汇区
B0FFGZWZHL,上海市第六人民医院眼科,医疗保健服务;综合医院;三级甲等医院,090101,宜山路600号上海交通大学医学院附属第六人民医院(徐汇院区),121.422965,31.178116,,[],[],医疗保健,上海市,上海市,徐汇区
B0HKDR43YH,上海交通大学医学院附属国际和平妇幼保健院徐汇院区体检中心,医疗保健服务;综合医院;三级甲等医院,090101,上海交通大学医学院附属国际和平妇幼保健院上海交通大学医学院附属国际和平妇幼保健院,121.438335,31.196417,,[],[],医疗保健,上海市,上海市,徐汇区
B0FFH02R19,上海市第六人民医院骨科专家门诊06,医疗保健服务;综合医院;三级甲等医院,090101,宜山路600号上海市第六人民医院门诊楼F10层,121.423946,31.178797,,[],[],医疗保健,上海市,上海市,徐汇区
B0FFM9U1VQ,上海交通大学医学院附属瑞金医院行政办公楼,医疗保健服务;综合医院;三级甲等医院,090101,瑞金二路197号上海交通大学医学院附属瑞金医院(黄浦院区),121.467308,31.212872,,[],[],医疗保健,上海市,上海市,黄浦区
B0FFK521V8,中国人民解放军海军第九〇五医院本部骨科中心,医疗保健服务;综合医院;三级甲等医院,090101,华山路1328号,121.432503,31.208953,021-62115566,[],[],医疗保健,上海市,上海市,长宁区
B0FFLPWWSI,上海交通大学徐汇校区校医院,医疗保健服务;综合医院;综合医院,090100,淮海西路125号上海交通大学徐汇校区北2层西座,121.432981,31.200974,,[],[],医疗保健,上海市,上海市,徐汇区
B0FFHD0Q8J,上海市第六人民医院儿科门急诊,医疗保健服务;综合医院;三级甲等医院,090101,宜山路600号上海交通大学医学院附属第六人民医院(徐汇院区),121.423648,31.178238,,[],[],医疗保健,上海市,上海市,徐汇区
B0FFGTPI6S,复旦大学附属华山医院江苏路分部住院部,医疗保健服务;综合医院;三级甲等医院,090101,江苏路796号复旦大学附属华山医院江苏路分部内,121.433133,31.212129,,[],[],医疗保健,上海市,上海市,长宁区
B0FFHEWZ10,上海交通大学医学院附属国际和平妇幼保健院徐汇院区生殖医学中心,医疗保健服务;综合医院;三级甲等医院|医疗保健服务;专科医院;专科医院,090101|090200,华山路1961号上海交通大学医学院附属国际和平妇幼保健院,121.438252,31.196096,,[],[],医疗保健,上海市,上海市,徐汇区
B0FFFAFW73,复旦大学附属中山医院西院区PETCT磁共振中心,医疗保健服务;综合医院;三级甲等医院,090101,医学院路111号,121.453857,31.198248,,[],[],医疗保健,上海市,上海市,徐汇区
B0FFKG6C4U,上海市第六人民医院干保楼,医疗保健服务;综合医院;三级甲等医院,090101,宜山路600号上海交通大学医学院附属第六人民医院(徐汇院区),121.423555,31.179077,,[],[],医疗保健,上海市,上海市,徐汇区
B0FFFZIWFS,复旦大学附属中山医院东院区心肝门诊,医疗保健服务;综合医院;三级甲等医院,090101,复旦大学8号楼附近,121.456698,31.196544,,[],[],医疗保健,上海市,上海市,徐汇区
B0HUR721J0,复旦大学附属中山医院西院区医疗科研综合楼,医疗保健服务;综合医院;三级甲等医院,090101,枫林路180号复旦大学附属中山医院(西院区),121.454965,31.195957,,[],[],医疗保健,上海市,上海市,徐汇区
B0FFH5CX4P,复旦大学附属中山医院西院区放射科,医疗保健服务;综合医院;三级甲等医院,090101,枫林路中山医院住院部3号楼2楼,121.453916,31.198115,021-64041990,[],[],医疗保健,上海市,上海市,徐汇区
B0FFIVCZ9C,徐汇云医院万众医院医疗服务中心,医疗保健服务;综合医院;综合医院,090100,吴中路与中山西路交叉口西100米,121.420179,31.189150,17621431284,[],[],医疗保健,上海市,上海市,徐汇区
B0FFH5CX4Q,复旦大学附属中山医院西院区教学与辅助楼,医疗保健服务;综合医院;三级甲等医院,090101,枫林路180号复旦大学附属中山医院(西院区),121.453578,31.197852,,[],[],医疗保健,上海市,上海市,徐汇区
B0FFK522IX,中国人民解放军海军第九〇五医院本部白癜风诊疗中心,医疗保健服务;综合医院;三级甲等医院,090101,华山路1328号,121.432529,31.208968,,[],[],医疗保健,上海市,上海市,长宁区
B0FFF33TCA,上海交通大学医学院附属瑞金医院口腔科,医疗保健服务;综合医院;三级甲等医院,090101,瑞金二路197号(永嘉路口),121.466681,31.210332,,[],[],医疗保健,上海市,上海市,黄浦区
B0FFK5222Q,中国人民解放军海军第九〇五医院本部急诊,医疗保健服务;综合医院;三级甲等医院,090101,华山路1328号海军第九〇五医院内,121.432687,31.210369,021-81818120,[],[],医疗保健,上海市,上海市,长宁区
B0FFGYZ62N,复旦大学附属眼耳鼻喉科医院10,医疗保健服务;综合医院;三级甲等医院,090101,汾阳路83号复旦大学附属眼耳鼻喉科医院(汾阳院区),121.453540,31.208560,,[],[],医疗保健,上海市,上海市,徐汇区
B00155FDG5,上海复旦大学中山医院高压氧舱治疗室,医疗保健服务;综合医院;综合医院,090100,斜土路2094号,121.450825,31.192625,021-64043022,[],[],医疗保健,上海市,上海市,徐汇区
B0FFH5CX4U,复旦大学附属中山医院西院区内科大楼,医疗保健服务;综合医院;三级甲等医院,090101,枫林路180号复旦大学附属中山医院(西院区),121.454152,31.196631,,[],[],医疗保健,上海市,上海市,徐汇区
B001577TTU,瑞金医院-门诊输液室,医疗保健服务;综合医院;综合医院,090100,瑞金二路197号上海交通大学医学院附属瑞金医院(黄浦院区),121.466295,31.211198,,[],[],医疗保健,上海市,上海市,黄浦区
B0FFFWIJA9,复旦大学上海医学院枫林路校区西区校医院,医疗保健服务;综合医院;综合医院,090100,东安路130号西6号楼1层,121.450610,31.196996,,[],[],医疗保健,上海市,上海市,徐汇区
B0FFFF40ZC,上海交通大学医学院附属瑞金医院-消化内科病房,医疗保健服务;综合医院;三级甲等医院,090101,瑞金二路197号上海交通大学医学院附属瑞金医院2号楼4楼,121.466125,31.212175,,[],[],医疗保健,上海市,上海市,黄浦区
B0FFHP8TBA,上海市第六人民医院5号病房楼北区,医疗保健服务;综合医院;三级甲等医院,090101,宜山路600号上海交通大学医学院附属第六人民医院(徐汇院区),121.422515,31.179670,,[],[],医疗保健,上海市,上海市,徐汇区
B00156ZGHE,上海交通大学医学院附属瑞金医院核医学科PET/CT中心,医疗保健服务;综合医院;三级甲等医院,090101,瑞金二路197号上海交通大学医学院附属瑞金医院(黄浦院区),121.466751,31.212607,,[],[],医疗保健,上海市,上海市,黄浦区
B001570WMO,上海中医药大学附属龙华医院总院肠道门诊,医疗保健服务;综合医院;三级甲等医院,090101,宛平南路725号上海中医药大学附属龙华医院(徐汇院区),121.450739,31.188625,,[],[],医疗保健,上海市,上海市,徐汇区
B0FFH5CX4O,复旦大学附属中山医院西院区放疗科,医疗保健服务;综合医院;三级甲等医院,090101,枫林路180号复旦大学附属中山医院(西院区),121.453279,31.197878,,[],[],医疗保健,上海市,上海市,徐汇区
B0FFF2FGL4,上海交通大学医学院附属国际和平妇幼保健院徐汇院区格如大楼,医疗保健服务;综合医院;三级甲等医院,090101,华山路1961号上海交通大学医学院附属国际和平妇幼保健院,121.439063,31.196017,,[],[],医疗保健,上海市,上海市,徐汇区
B0FFH6NPM2,复旦大学附属中山医院西院区眼科门诊,医疗保健服务;综合医院;三级甲等医院,090101,医学院路111号,121.453168,31.198685,,[],[],医疗保健,上海市,上海市,徐汇区
B0GKKL1XI6,复旦大学附属中山医院东院区精准医学中心,医疗保健服务;综合医院;三级甲等医院,090101,斜土路1609号复旦大学附属中山医院(东院区),121.456678,31.197646,,[],[],医疗保健,上海市,上海市,徐汇区
B0FFGEPT0R,上海市第六人民医院假肢矫形中心,医疗保健服务;综合医院;三级甲等医院,090101,宜山路600号上海交通大学医学院附属第六人民医院(徐汇院区),121.423360,31.178479,,[],[],医疗保健,上海市,上海市,徐汇区
B0FFH8WZTW,上海市第六人民医院上海文艺医院双向转诊医院,医疗保健服务;综合医院;综合医院,090100,上海文艺医院东南门旁(交通大学地铁站1号口步行480米),121.437718,31.202733,,[],[],医疗保健,上海市,上海市,徐汇区
B0FFFTQGG1,上海交通大学医学院附属瑞金医院-手术室,医疗保健服务;综合医院;三级甲等医院,090101,瑞金二路197号,121.466891,31.212258,,[],[],医疗保健,上海市,上海市,黄浦区
B0FFFEOCZ5,上海中医药大学附属龙华医院科技楼,医疗保健服务;综合医院;三级甲等医院,090101,宛平南路725号2楼内分泌科,121.450748,31.188968,,[],[],医疗保健,上海市,上海市,徐汇区
B0IR4118V4,上海交通大学医学院附属瑞金医院创面修复中心,医疗保健服务;综合医院;三级甲等医院,090101,瑞金二路197号上海交通大学医学院附属瑞金医院(黄浦院区),121.466371,31.210185,,2.7,[],医疗保健,上海市,上海市,黄浦区
B00156ZGSN,上海中医药大学附属龙华医院血液透析室,医疗保健服务;综合医院;三级甲等医院,090101,宛平南路725号龙华医院(东安路地铁站3号口步行490米),121.450670,31.188116,,[],[],医疗保健,上海市,上海市,徐汇区
B0FFLF0JOK,上海中医药大学附属龙华医院胸痛中心,医疗保健服务;综合医院;三级甲等医院,090101,宛平南路725号上海中医药大学附属龙华医院(徐汇院区),121.449425,31.188175,,[],[],医疗保健,上海市,上海市,徐汇区
B00155LAU2,天平街道社区卫生服务第六分中心,医疗保健服务;综合医院;卫生院,090102,襄阳南路306弄17-1号,121.457458,31.210060,021-64156993,[],[],医疗保健,上海市,上海市,徐汇区
B0FFFOUHVH,上海中医药大学附属龙华医院-行政,医疗保健服务;综合医院;三级甲等医院,090101,宛平南路725号,121.450375,31.187225,,[],[],医疗保健,上海市,上海市,徐汇区
B0FFIOPSSY,上海交通大学医学院附属瑞金医院灼伤急诊,医疗保健服务;综合医院;三级甲等医院,090101,瑞金二路197号上海交通大学医学院附属瑞金医院(黄浦院区),121.466120,31.212135,,[],[],医疗保健,上海市,上海市,黄浦区
B0FFH02R10,上海市第六人民医院骨科专家门诊01,医疗保健服务;综合医院;三级甲等医院,090101,宜山路600号上海交通大学医学院附属第六人民医院(徐汇院区),121.424037,31.178825,,[],[],医疗保健,上海市,上海市,徐汇区
B0JG95BSZW,上海交通大学医学院附属瑞金医院转化医学大楼PETCT中心,医疗保健服务;综合医院;三级甲等医院,090101,瑞金二路197号瑞金医院35号楼,121.466044,31.211932,,[],[],医疗保健,上海市,上海市,黄浦区
B0GUARAGMF,复旦大学附属中山医院东院区肝肿瘤门诊,医疗保健服务;综合医院;三级甲等医院,090101,斜土路1609号复旦大学附属中山医院(东院区),121.456614,31.196659,,[],[],医疗保健,上海市,上海市,徐汇区
B0IKCCOETG,复旦大学附属中山医院西院区发热门诊,医疗保健服务;综合医院;三级甲等医院,090101,枫林路180号,121.453542,31.198735,,[],[],医疗保健,上海市,上海市,徐汇区
B0GKNS80TS,上海市第六人民医院病房楼南区,医疗保健服务;综合医院;三级甲等医院,090101,宜山路600号上海交通大学医学院附属第六人民医院(徐汇院区),121.422288,31.178898,,[],[],医疗保健,上海市,上海市,徐汇区
B0H33HTIOK,复旦大学附属中山医院东院区泛血管疾病mdt门诊,医疗保健服务;综合医院;三级甲等医院,090101,小木桥路250号复旦大学附属中山医院分部15号楼2层,121.457559,31.197406,,[],[],医疗保健,上海市,上海市,徐汇区
B0J0VYQ6LX,中国人民解放军海军第九〇五医院本部3号楼住院部,医疗保健服务;综合医院;三级甲等医院,090101,华山路1328号中国人民解放军海军第九O五医院本部,121.432346,31.209927,,[],[],医疗保健,上海市,上海市,长宁区
B0FFJYFQ5U,复旦大学附属华山伽玛医院-PETCT中心,医疗保健服务;综合医院;综合医院,090100,上海伽玛医院南1门旁,121.422059,31.189752,,[],[],医疗保健,上海市,上海市,徐汇区
B0FFK521VL,中国人民解放军海军第九〇五医院本部体检中心瑞普达中心,医疗保健服务;综合医院;三级甲等医院,090101,华山路1328号海军第九〇五医院门诊楼2层,121.432325,31.209925,,[],[],医疗保健,上海市,上海市,长宁区
B0FFK521VK,中国人民解放军海军第九〇五医院本部体检中心,医疗保健服务;综合医院;三级甲等医院,090101,中国人民解放军海军第九〇五医院急诊大楼3楼,121.432734,31.210320,,[],[],医疗保健,上海市,上海市,长宁区
B0FFGQ1E5E,上海交通大学医学院附属国际和平妇幼保健院徐汇院区住院部,医疗保健服务;综合医院;三级甲等医院,090101,华山路1961号上海交通大学医学院附属国际和平妇幼保健院,121.438180,31.196669,,[],[],医疗保健,上海市,上海市,徐汇区
B0FFGLQUXJ,上海中医药大学附属龙华医院住院,医疗保健服务;综合医院;三级甲等医院,090101,宛平南路725号上海中医药大学附属龙华医院(徐汇院区),121.451326,31.187980,,[],[],医疗保健,上海市,上海市,徐汇区
B0FFGCYEHS,上海交通大学医学院附属瑞金医院泌尿外科,医疗保健服务;综合医院;三级甲等医院,090101,瑞金二路197号6号楼6层,121.466904,31.212267,021-61527145,[],[],医疗保健,上海市,上海市,黄浦区
B0FFGTZG91,复旦大学附属华山医院(分部)-2号楼,医疗保健服务;综合医院;综合医院,090100,江苏路796号复旦大学附属华山医院(分部)2号楼,121.432992,31.212039,,[],[],医疗保健,上海市,上海市,长宁区
B0J2DZXXJQ,上海交通大学医学院附属瑞金医院神经外科,医疗保健服务;综合医院;三级甲等医院,090101,瑞金二路197号6号楼11层,121.466025,31.212775,18263233668,[],[],医疗保健,上海市,上海市,黄浦区
B0IGBLPTDF,新华地段医院,医疗保健服务;综合医院;综合医院,090100,华山路与泰安路交叉口北约140米,121.433673,31.206190,,[],[],医疗保健,上海市,上海市,长宁区
B0FFH02QYT,上海市第六人民医院康复医学科2,医疗保健服务;综合医院;三级甲等医院,090101,宜山路600号上海交通大学医学院附属第六人民医院(徐汇院区),121.423615,31.178997,,[],[],医疗保健,上海市,上海市,徐汇区
B0FFH02QR6,上海市第六人民医院泌尿外科,医疗保健服务;综合医院;三级甲等医院,090101,宜山路600号上海市第六人民医院门诊楼F2层,121.423957,31.179308,,[],[],医疗保健,上海市,上海市,徐汇区
B0FFFA7TEK,复旦大学附属华山医院江苏路分部手外科康复门诊,医疗保健服务;综合医院;三级甲等医院,090101,江苏路796号复旦大学附属华山医院2号楼,121.433171,31.212084,,[],[],医疗保健,上海市,上海市,长宁区
B0FFH02QVC,上海市第六人民医院骨质疏松和骨病专科,医疗保健服务;综合医院;三级甲等医院,090101,宜山路600号上海交通大学医学院附属第六人民医院(徐汇院区),121.424049,31.178885,,[],[],医疗保健,上海市,上海市,徐汇区
B00156GWML,爱婴医院(衡山路),医疗保健服务;综合医院;三级甲等医院|医疗保健服务;专科医院;专科医院,090101|090200,衡山路910号(徐家汇地铁站15号口步行100米),121.438489,31.196565,021-64070434,[],[],医疗保健,上海市,上海市,徐汇区
B001575XW5,瑞金医院-普胸外科病区,医疗保健服务;综合医院;综合医院,090100,瑞金二路197号(永嘉路口),121.466891,31.212258,,[],[],医疗保健,上海市,上海市,黄浦区
B001574RQN,上海交通大学医学院附属瑞金医院呼吸科,医疗保健服务;综合医院;三级甲等医院,090101,瑞金二路197号门诊楼5层,121.466551,31.210736,,[],[],医疗保健,上海市,上海市,黄浦区
B0L3JSDZQ1,中心宝地新华社区卫生服务站,医疗保健服务;综合医院;卫生院,090102,安顺路96号B座1楼南侧,121.421951,31.201862,,[],[],医疗保健,上海市,上海市,长宁区
B0FFG952S2,上海交通大学医学院附属瑞金医院骨科二病区,医疗保健服务;综合医院;综合医院,090100,瑞金二路197号(打浦桥地铁站1号口步行470米),121.466425,31.210375,,[],[],医疗保健,上海市,上海市,黄浦区
B0FFH02QVO,上海市第六人民医院妇产科,医疗保健服务;综合医院;三级甲等医院,090101,宜山路600号上海交通大学医学院附属第六人民医院(徐汇院区),121.423925,31.179283,,[],[],医疗保健,上海市,上海市,徐汇区
B0FFH02QZG,上海市第六人民医院专家门诊06,医疗保健服务;综合医院;三级甲等医院,090101,宜山路600号上海交通大学医学院附属第六人民医院(徐汇院区),121.423951,31.179339,,[],[],医疗保健,上海市,上海市,徐汇区
B0FFH02QUJ,上海市第六人民医院疼痛科,医疗保健服务;综合医院;三级甲等医院,090101,宜山路600号上海交通大学医学院附属第六人民医院(徐汇院区),121.424293,31.179073,,[],[],医疗保健,上海市,上海市,徐汇区
B0FFGZWZHE,上海市第六人民医院神经内科,医疗保健服务;综合医院;三级甲等医院,090101,宜山路600号上海交通大学医学院附属第六人民医院(徐汇院区),121.422755,31.178131,,[],[],医疗保健,上海市,上海市,徐汇区
B0FFMEXUSF,上海交通大学医学院附属瑞金医院帕金森1站式诊疗专病中心,医疗保健服务;综合医院;三级甲等医院,090101,瑞金二路197号上海交通大学医学院附属瑞金医院,121.466644,31.210509,13819083039,[],[],医疗保健,上海市,上海市,黄浦区
B0FFGDO5Z6,上海交通大学医学院附属瑞金医院-高血压病区,医疗保健服务;综合医院;综合医院,090100,瑞金二路197号上海交通大学医学院附属瑞金医院33号楼1楼,121.467770,31.210590,,[],[],医疗保健,上海市,上海市,黄浦区
B0FFH02R15,上海市第六人民医院整合门诊01,医疗保健服务;综合医院;三级甲等医院,090101,宜山路600号上海交通大学医学院附属第六人民医院(徐汇院区),121.424059,31.179284,,[],[],医疗保健,上海市,上海市,徐汇区
B0IKCCO731,上海中医药大学附属龙华医院5号楼发热门诊,医疗保健服务;综合医院;三级甲等医院,090101,宛平南路725号上海中医药大学附属龙华医院(徐汇院区),121.449504,31.188045,,[],[],医疗保健,上海市,上海市,徐汇区
B0FFHED0QW,上海市第六人民医院感染病房楼,医疗保健服务;综合医院;三级甲等医院,090101,宜山路655号,121.423225,31.179496,,[],[],医疗保健,上海市,上海市,徐汇区
B00157GQXE,上海中医药大学附属龙华医院肝科门诊病房,医疗保健服务;综合医院;三级甲等医院,090101,宛平南路725号(东安路地铁站2号口步行480米),121.450739,31.188625,,[],[],医疗保健,上海市,上海市,徐汇区
B0FFH02R03,上海市第六人民医院专家门诊15,医疗保健服务;综合医院;三级甲等医院,090101,宜山路600号上海市第六人民医院门诊楼F10层,121.423760,31.179423,,[],[],医疗保健,上海市,上海市,徐汇区
B0FFGZWZGQ,上海市第六人民医院内科1,医疗保健服务;综合医院;三级甲等医院,090101,宜山路600号上海交通大学医学院附属第六人民医院(徐汇院区),121.422375,31.178475,,[],[],医疗保健,上海市,上海市,徐汇区
B0FFH02QZN,上海市第六人民医院专家门诊11,医疗保健服务;综合医院;三级甲等医院,090101,宜山路600号上海市第六人民医院门诊楼F10层,121.423827,31.179393,,[],[],医疗保健,上海市,上海市,徐汇区
B0FFHGCAGT,上海中医药大学附属龙华医院门诊住院,医疗保健服务;综合医院;三级甲等医院,090101,宛平南路725号上海中医药大学附属龙华医院(徐汇院区),121.451264,31.188030,,[],[],医疗保健,上海市,上海市,徐汇区
B0FFFRLKDM,复旦大学附属华山医院5号楼,医疗保健服务;综合医院;综合医院,090100,江苏路796号复旦大学附属华山医院,121.433243,31.212400,,[],[],医疗保健,上海市,上海市,长宁区
B0FFGZWZHG,上海市第六人民医院胸外科,医疗保健服务;综合医院;三级甲等医院,090101,宜山路600号上海交通大学医学院附属第六人民医院(徐汇院区),121.422870,31.178122,,[],[],医疗保健,上海市,上海市,徐汇区
B0JBYBNKGW,上海交通大学医学院附属瑞金医院远程医疗中心,医疗保健服务;综合医院;三级甲等医院,090101,瑞金二路197号瑞金医院(6号门)22号楼2楼,121.466775,31.212275,,[],[],医疗保健,上海市,上海市,黄浦区
B0FFG2XSP8,上海交通大学医学院附属瑞金医院普胸外科,医疗保健服务;综合医院;三级甲等医院,090101,瑞金二路197号上海交通大学医学院附属瑞金医院6号楼7层,121.466885,31.212258,,[],[],医疗保健,上海市,上海市,黄浦区
B0FFGZWZGX,上海市第六人民医院妇科,医疗保健服务;综合医院;三级甲等医院,090101,宜山路600号上海市第六人民医院急诊楼F1层,121.422727,31.178132,,[],[],医疗保健,上海市,上海市,徐汇区
B0JG959VWV,复旦大学附属中山医院东院区消毒供应中心,医疗保健服务;综合医院;三级甲等医院,090101,中山医院16号楼,121.456348,31.196902,,[],[],医疗保健,上海市,上海市,徐汇区
B0FFIKYKTT,上海交通大学医学院附属瑞金医院34号楼,医疗保健服务;综合医院;三级甲等医院,090101,瑞金医院34号楼,121.467738,31.211066,,[],[],医疗保健,上海市,上海市,黄浦区
B0JB74N7I5,复旦大学附属中山医院西院区生物治疗中心,医疗保健服务;综合医院;三级甲等医院,090101,枫林路与清真路交叉口西80米,121.454057,31.197710,,[],[],医疗保健,上海市,上海市,徐汇区
B0FFIKYJUO,上海市第六人民医院药学楼,医疗保健服务;综合医院;三级甲等医院,090101,宜山路600号上海交通大学医学院附属第六人民医院(徐汇院区),121.421272,31.178006,,[],[],医疗保健,上海市,上海市,徐汇区
B0FFH5CX4S,复旦大学附属中山医院西院区手术室楼,医疗保健服务;综合医院;三级甲等医院,090101,枫林路180号复旦大学附属中山医院(西院区),121.454479,31.197889,,[],[],医疗保健,上海市,上海市,徐汇区
B0FFGZWZGY,上海市第六人民医院假肢中心,医疗保健服务;综合医院;三级甲等医院,090101,宜山路600号上海交通大学医学院附属第六人民医院(徐汇院区),121.422908,31.178547,,[],[],医疗保健,上海市,上海市,徐汇区
B0FFGOTVXL,上海市第六人民医院核医学科,医疗保健服务;综合医院;三级甲等医院,090101,宜山路600号上海交通大学医学院附属第六人民医院(徐汇院区),121.424112,31.178888,,[],[],医疗保健,上海市,上海市,徐汇区
B0FFG8EAYQ,上海交通大学医学院附属瑞金医院静脉药物配置中心,医疗保健服务;综合医院;三级甲等医院,090101,瑞金二路197号瑞金医院6号楼1楼,121.467134,31.212187,,[],[],医疗保健,上海市,上海市,黄浦区
B0FFH02QVM,上海市第六人民医院中医科,医疗保健服务;综合医院;三级甲等医院,090101,宜山路600号上海交通大学医学院附属第六人民医院(徐汇院区),121.423748,31.178806,,[],[],医疗保健,上海市,上海市,徐汇区
B0FFH02QSO,上海市第六人民医院放射科3,医疗保健服务;综合医院;三级甲等医院,090101,宜山路600号上海交通大学医学院附属第六人民医院(徐汇院区),121.423983,31.178826,,[],[],医疗保健,上海市,上海市,徐汇区
B0FFH02QZS,上海市第六人民医院专家门诊16,医疗保健服务;综合医院;三级甲等医院,090101,宜山路600号上海交通大学医学院附属第六人民医院(徐汇院区),121.423666,31.179029,,[],[],医疗保健,上海市,上海市,徐汇区
B0FFH5CX4R,复旦大学附属中山医院西院区办公楼,医疗保健服务;综合医院;三级甲等医院,090101,枫林路180号复旦大学附属中山医院(西院区),121.453299,31.197407,,[],[],医疗保健,上海市,上海市,徐汇区
B0FFGL092Y,复旦大学附属中山医院东院区营养科,医疗保健服务;综合医院;三级甲等医院,090101,斜土路1609号复旦大学附属中山医院(东院区),121.457210,31.197787,,[],[],医疗保健,上海市,上海市,徐汇区
B0FFK522JP,中国人民解放军海军第九〇五医院本部骨三科,医疗保健服务;综合医院;三级甲等医院,090101,华山路1328号海军第九〇五医院附近,121.432074,31.209523,,[],[],医疗保健,上海市,上海市,长宁区
B0FFGDF73T,上海中医药大学附属龙华医院8号楼发热门诊,医疗保健服务;综合医院;三级甲等医院,090101,宛平南路725号上海中医药大学附属龙华医院(徐汇院区),121.450523,31.188631,,[],[],医疗保健,上海市,上海市,徐汇区
B0FFK9OFKX,中国人民解放军海军特色医学中心妇科,医疗保健服务;综合医院;三级甲等医院,090101,淮海西路338号,121.428602,31.200753,,[],[],医疗保健,上海市,上海市,长宁区
B0FFH02QUS,上海市第六人民医院营养门诊,医疗保健服务;综合医院;三级甲等医院,090101,宜山路600号上海交通大学医学院附属第六人民医院(徐汇院区),121.424048,31.179294,,[],[],医疗保健,上海市,上海市,徐汇区
B0FFFEOCSD,上海中医药大学附属龙华医院口腔科,医疗保健服务;综合医院;三级甲等医院,090101,宛平南路725号1楼口腔科,121.449475,31.188141,,[],[],医疗保健,上海市,上海市,徐汇区
B0FFH02QZF,上海市第六人民医院专家门诊09,医疗保健服务;综合医院;三级甲等医院,090101,宜山路600号上海市第六人民医院门诊楼F10层,121.423862,31.179344,,[],[],医疗保健,上海市,上海市,徐汇区
B0FFH02QZU,上海市第六人民医院专家门诊14,医疗保健服务;综合医院;三级甲等医院,090101,宜山路600号上海市第六人民医院门诊楼F10层,121.423797,31.179407,,[],[],医疗保健,上海市,上海市,徐汇区
B0FFGZWZGS,上海市第六人民医院创伤中心,医疗保健服务;综合医院;三级甲等医院,090101,宜山路600号上海交通大学医学院附属第六人民医院(徐汇院区),121.424025,31.178875,,[],[],医疗保健,上海市,上海市,徐汇区
B0FFKAQY0S,中国人民解放军海军特色医学中心-放射介入诊疗中心,医疗保健服务;综合医院;三级甲等医院,090101,淮海西路338号,121.427575,31.200675,,[],[],医疗保健,上海市,上海市,长宁区
B0FFGZWZGN,上海市第六人民医院内科2,医疗保健服务;综合医院;三级甲等医院,090101,宜山路600号上海交通大学医学院附属第六人民医院(徐汇院区),121.422739,31.178199,,[],[],医疗保健,上海市,上海市,徐汇区
B0FFH02QPA,上海市第六人民医院肿瘤放疗科,医疗保健服务;综合医院;三级甲等医院,090101,宜山路600号上海交通大学医学院附属第六人民医院(徐汇院区),121.423675,31.178975,,[],[],医疗保健,上海市,上海市,徐汇区
B0FFH02R0G,上海市第六人民医院专家门诊17,医疗保健服务;综合医院;三级甲等医院,090101,宜山路600号上海交通大学医学院附属第六人民医院(徐汇院区),121.423784,31.179306,,[],[],医疗保健,上海市,上海市,徐汇区
B0K30AUQIP,徐家汇街道科汇社区卫生服务站,医疗保健服务;综合医院;卫生院,090102,天钥桥路69弄丙子弄5号底楼,121.442496,31.193848,,[],[],医疗保健,上海市,上海市,徐汇区
B0FFGZWZJB,上海市第六人民医院静脉用药调配中心,医疗保健服务;综合医院;三级甲等医院,090101,宜山路600号上海交通大学医学院附属第六人民医院(徐汇院区),121.423055,31.178465,,[],[],医疗保健,上海市,上海市,徐汇区
B0FFH02QSJ,上海市第六人民医院超声医学科2,医疗保健服务;综合医院;三级甲等医院,090101,宜山路600号上海交通大学医学院附属第六人民医院(徐汇院区),121.423596,31.178999,,[],[],医疗保健,上海市,上海市,徐汇区
B0FFH02QVW,上海市第六人民医院针推伤科,医疗保健服务;综合医院;三级甲等医院,090101,宜山路600号上海交通大学医学院附属第六人民医院(徐汇院区),121.423619,31.179030,,[],[],医疗保健,上海市,上海市,徐汇区
B001570VTH,复旦大学附属眼耳鼻喉科医院(汾阳院区),医疗保健服务;专科医院;专科医院,090200,汾阳路83号,121.453398,31.209076,,[],[],医疗保健,上海市,上海市,徐汇区
B0FFH9VS04,上海市徐汇区口腔医院,医疗保健服务;专科医院;口腔医院,090202,枫林路500号,121.459478,31.189324,021-64037289,[],[],医疗保健,上海市,上海市,徐汇区
B0015123C4,复旦大学附属肿瘤医院(徐汇院区),医疗保健服务;专科医院;肿瘤医院,090207,东安路270号,121.453236,31.191166,021-64175590,[],[],医疗保健,上海市,上海市,徐汇区
B0G0CUYIP5,上海市胸科医院,医疗保健服务;专科医院;胸科医院,090205,淮海西路241-243号(虹桥路地铁站4号口步行260米),121.426043,31.197695,021-22200000,[],[],医疗保健,上海市,上海市,徐汇区
B00151F5CB,上海中医药大学附属光华医院(总部),医疗保健服务;专科医院;专科医院,090200,新华路568号,121.422566,31.204913,021-62805833,[],[],医疗保健,上海市,上海市,长宁区
B0JGJU16PZ,今识理想医美(日月光店),医疗保健服务;专科医院;整形美容,090201,瑞金南路341号西北室、201北室、343号南1室,121.469763,31.197169,13601847663,4.8,6017.00,医疗保健,上海市,上海市,黄浦区
B00155HNRQ,上海伽玛医院,医疗保健服务;专科医院;专科医院,090200,吴中东路518号,121.422141,31.189955,021-58358352;021-64385336;4006699903,[],[],医疗保健,上海市,上海市,徐汇区
B00155QHRC,上海计生所医院,医疗保健服务;专科医院;专科医院,090200,斜土路2120号,121.450207,31.192608,021-64043553;021-64168866,[],[],医疗保健,上海市,上海市,徐汇区
B0H37RCEW9,薇凯国际医疗总部,医疗保健服务;专科医院;整形美容,090201,虹桥路888号(虹桥路地铁站6号口步行220米),121.422793,31.194988,18019392091,4.2,1568.00,医疗保健,上海市,上海市,徐汇区
B0J0S1K7SG,沐良诚口腔矫正·种植·儿童牙科联合中心,医疗保健服务;专科医院;口腔医院,090202,宜山路455号光启城三层340-351,121.427820,31.183537,021-33639016;15618671195,[],[],医疗保健,上海市,上海市,徐汇区
B00155MLK5,上海蓝生万众医院·口腔(徐家汇店),医疗保健服务;专科医院;口腔医院,090202,吴中路2号,121.420669,31.189275,17621431284;18017913856,[],[],医疗保健,上海市,上海市,徐汇区
B0FFG83387,上海伯思立医疗美容门诊部,医疗保健服务;专科医院;整形美容,090201,漕溪北路88号圣爱大厦二楼(徐家汇地铁站8号口步行150米),121.437295,31.191859,021-33638880;021-67662666;16722129352,[],[],医疗保健,上海市,上海市,徐汇区
B00154W08B,上海市黄浦区第二牙病防治所,医疗保健服务;专科医院;口腔医院,090202,瑞金二路148号(打浦桥地铁站1号口步行460米),121.466101,31.209614,021-64376337,[],[],医疗保健,上海市,上海市,黄浦区
B0FFJI6BCV,维乐口腔(虹桥路门诊),医疗保健服务;专科医院;口腔医院,090202,虹桥路510号1-2层,121.429182,31.193201,4008816680,[],[],医疗保健,上海市,上海市,徐汇区
B0LR9NO6U2,第六人民医院-骨科门诊,医疗保健服务;专科医院;骨科医院,090206,柳州路与钦州北路交叉口南200米,121.420966,31.178625,,[],[],医疗保健,上海市,上海市,徐汇区
B0KKCD8P3F,上海知白医疗美容,医疗保健服务;专科医院;整形美容,090201,新华路519号新华御庭2D2层,121.422862,31.204145,021-62098880,4.6,1899.00,医疗保健,上海市,上海市,长宁区
B0FFLCBUG7,瑞尔齿科(徐家汇诊所),医疗保健服务;专科医院;口腔医院,090202,华山路1751号海斯大厦2楼,121.436382,31.201676,021-64737733,[],[],医疗保健,上海市,上海市,徐汇区
B0I2PXTIMV,泰康拜博口腔(长宁国际凯尔店),医疗保健服务;专科医院;口腔医院,090202,凯旋路1398号8号楼,121.421795,31.199166,021-23301274,[],[],医疗保健,上海市,上海市,长宁区
B0FFI01ZNH,极橙儿童齿科·矫正中心(徐汇店),医疗保健服务;专科医院;口腔医院,090202,番禺路900号番禺大楼1层,121.428085,31.195698,021-64752077,[],[],医疗保健,上海市,上海市,徐汇区
B0FFIREPON,翡立思医疗美容门诊部,医疗保健服务;专科医院;整形美容,090201,蒲汇塘路118号上海汉光国际大厦三楼,121.433641,31.186752,021-64286622,[],[],医疗保健,上海市,上海市,徐汇区
B0K1V5NE9X,华齿口腔(尚荟口腔医院),医疗保健服务;专科医院;口腔医院,090202,肇嘉浜路989号(徐家汇地铁站14号口步行290米),121.442493,31.195367,021-67895530,[],[],医疗保健,上海市,上海市,徐汇区
B001574L3N,松丰口腔悦康门诊部,医疗保健服务;专科医院;口腔医院,090202,南丹东路107-4/107-5,121.443946,31.190672,021-64648188,[],[],医疗保健,上海市,上海市,徐汇区
B0HK6S68V2,上海冶金口腔门诊部,医疗保健服务;专科医院;口腔医院,090202,斜土路1985-1号(东安路地铁站4号口步行440米),121.451416,31.194219,18321552228,[],[],医疗保健,上海市,上海市,徐汇区
B0IAKUHDB6,上海纽菲思医疗美容(徐汇院),医疗保健服务;专科医院;整形美容,090201,凯旋路3580号3楼(上海体育馆地铁站7号口步行320米),121.433834,31.181264,021-54360826,4.7,[],医疗保健,上海市,上海市,徐汇区
B0FFKQ7JRO,医颜医疗美容,医疗保健服务;专科医院;整形美容,090201,斜土路2601号嘉汇广场D栋,121.443996,31.188080,021-64328123;4000328123,4.0,[],医疗保健,上海市,上海市,徐汇区
B00157GR25,复旦大学附属肿瘤医院徐汇院区门诊,医疗保健服务;专科医院;肿瘤医院,090207,东安路270号复旦大学附属肿瘤医院内,121.453647,31.191618,15350585725,[],[],医疗保健,上海市,上海市,徐汇区
B0IKGH6JCI,NUDAY纽添医疗美容诊所(徐汇滨江店),医疗保健服务;专科医院;整形美容,090201,上海城区中山南二路107号1幢09BC室(名义层10BC室),121.467284,31.192369,13248023723,4.7,2221.00,医疗保健,上海市,上海市,徐汇区
B0FFGTJI8C,复旦大学附属眼耳鼻喉科医院宝庆院区门诊,医疗保健服务;专科医院;耳鼻喉医院,090204,宝庆路19号复旦大学附属眼耳鼻喉科医院宝庆路分部内,121.450225,31.210203,,[],[],医疗保健,上海市,上海市,徐汇区
B0FFFVJ6EN,上海市胸科医院门诊,医疗保健服务;专科医院;胸科医院,090205,淮海西路241号上海市胸科医院内,121.425262,31.197614,18917380637,[],[],医疗保健,上海市,上海市,徐汇区
B0J0TUYRU4,国家骨科医学中心,医疗保健服务;专科医院;骨科医院,090206,柳州路603号,121.421099,31.178631,15637470937,[],[],医疗保健,上海市,上海市,徐汇区
B0FFHB99BX,上海市精神卫生中心5号楼,医疗保健服务;专科医院;精神病医院,090210,宛平南路600号上海交通大学医学院附属精神卫生中心(徐汇院区),121.447762,31.187740,,[],[],医疗保健,上海市,上海市,徐汇区
B0FFH8ZNYL,名嘉口腔门诊部,医疗保健服务;专科医院;口腔医院,090202,宛平南路108号宛平88E栋301室,121.445147,31.195165,021-64389008,[],[],医疗保健,上海市,上海市,徐汇区
B00157I2GT,上海市口腔医院 永嘉路门诊部,医疗保健服务;专科医院;口腔医院,090202,永嘉路458号,121.454096,31.206878,,[],[],医疗保健,上海市,上海市,徐汇区
B0FFKE7URA,美亚明星口腔,医疗保健服务;专科医院;口腔医院,090202,平江路234号(中山医院急诊对面),121.453653,31.199695,021-34691016,[],[],医疗保健,上海市,上海市,徐汇区
B00157HUJ5,维乐口腔(定西路门诊),医疗保健服务;专科医院;口腔医院,090202,新华路519号1A室,121.422929,31.203727,4008816680,[],[],医疗保健,上海市,上海市,长宁区
B0KD25WXET,瑞伢美口腔连锁(瑞而信口腔),医疗保健服务;专科医院;口腔医院,090202,新华路539号1C(复式)2楼、1D(复式)2楼,121.422788,31.203275,13564449080,[],[],医疗保健,上海市,上海市,长宁区
B0FFKG8TZC,上海复美医疗美容门诊部,医疗保健服务;专科医院;整形美容,090201,肇嘉浜路798号坤阳大厦203A室,121.445628,31.198462,021-64152679,3.5,[],医疗保健,上海市,上海市,徐汇区
B00157HUKH,上海欧乐齐乐口腔,医疗保健服务;专科医院;口腔医院|医疗保健服务;诊所;诊所,090202|090300,延安西路1448弄1号1层(近定西路),121.422844,31.209028,021-62516039,[],[],医疗保健,上海市,上海市,长宁区
B0GUVSU5RJ,上海市沪中医疗美容医院,医疗保健服务;专科医院;整形美容,090201,延安西路1160号首信银都国际广场F2层,121.428699,31.209812,,[],[],医疗保健,上海市,上海市,长宁区
B0JGM57BUK,鑫沐口腔,医疗保健服务;专科医院;口腔医院,090202,江苏路817号,121.434224,31.212029,13788917897,[],[],医疗保健,上海市,上海市,长宁区
B001577G0E,上海佳洁美口腔门诊部(徐汇店),医疗保健服务;专科医院;口腔医院,090202,宛平南路953号1-2层955号地下1957号,121.452709,31.182916,021-64688665;18116452303,[],[],医疗保健,上海市,上海市,徐汇区
B001548107,泓虎口腔门诊部,医疗保健服务;专科医院;口腔医院,090202,蒲汇塘路101号二楼(门在文定路口),121.433228,31.187212,021-64690006,[],[],医疗保健,上海市,上海市,徐汇区
B0FFGYXDVA,上海颜范医美,医疗保健服务;专科医院;整形美容,090201,蒲汇塘路150号汇鑫国际1号楼105室,121.430803,31.187581,13062638860,3.5,[],医疗保健,上海市,上海市,徐汇区
B0FFHUJDJG,上海交通大学医学院附属国际和平妇幼保健院(广元路),医疗保健服务;专科医院;专科医院,090200,广元路145号,121.439772,31.198898,,[],[],医疗保健,上海市,上海市,徐汇区
B0H1YRXAG0,上海邹爱萍口腔,医疗保健服务;专科医院;口腔医院,090202,新华路664号25幢1层110室,121.420733,31.205172,,[],[],医疗保健,上海市,上海市,长宁区
B0FFFXU3QK,摩尔齿科(日月光中心徐家汇区),医疗保健服务;专科医院;口腔医院,090202,徐家汇路618号日月光中心徐家汇区3F层3F-XJH20-24,121.468515,31.205849,021-64339969,[],[],医疗保健,上海市,上海市,黄浦区
B0FFLMDOL0,牙乐口腔(瑞平路店),医疗保健服务;专科医院;口腔医院,090202,瑞平路230号保利时光1楼-020/021,121.454360,31.181431,021-54190030;13761516183,[],[],医疗保健,上海市,上海市,徐汇区
B0FFGEX0S2,上海中医药大学附属光华医院总部门诊部,医疗保健服务;专科医院;专科医院,090200,新华路568号光华医院内,121.422232,31.204767,,[],[],医疗保健,上海市,上海市,长宁区
B0FFJ5FVOA,嘉贝尔口腔,医疗保健服务;专科医院;口腔医院,090202,衡山路199号永平里692号楼3层,121.447385,31.204459,021-64377100;4000922982,[],[],医疗保健,上海市,上海市,徐汇区
B0FFGBBPGI,上海市胸科医院2号住院楼,医疗保健服务;专科医院;胸科医院,090205,淮海西路241号上海市胸科医院内,121.426050,31.197247,021-22200000,[],[],医疗保健,上海市,上海市,徐汇区
B001521941,周蕾医生口腔诊所,医疗保健服务;专科医院;口腔医院,090202,天钥桥路380弄通汇公寓59号103室,121.439930,31.187765,021-64873651;021-64873745,[],[],医疗保健,上海市,上海市,徐汇区
B0FFIXPYE1,上海凯渥医疗美容,医疗保健服务;专科医院;整形美容,090201,斜土路1515号1层,121.460062,31.197681,021-54250476,4.0,[],医疗保健,上海市,上海市,徐汇区
B00156ZH4S,石四箴口腔医疗中心,医疗保健服务;专科医院;口腔医院,090202,大木桥路136号(近清真路),121.461398,31.199688,021-64179298;021-64226968,[],[],医疗保健,上海市,上海市,徐汇区
B0HKODGRM4,安奈美医疗美容,医疗保健服务;专科医院;整形美容,090201,凯旋路1398号长宁国际T10幢301、401室,121.421233,31.199777,,3.5,10156.00,医疗保健,上海市,上海市,长宁区
B0IR5L03V3,上海市光华中西医结合医院延安西路院区体检中心,医疗保健服务;专科医院;专科医院,090200,新华路540号,121.422453,31.209128,,[],[],医疗保健,上海市,上海市,长宁区
B00157464U,喜美医疗,医疗保健服务;专科医院;整形美容,090201,肇嘉浜路446弄1号3层,121.455428,31.201718,021-64185628;4007001566,3.8,[],医疗保健,上海市,上海市,徐汇区
B0I165UTM3,上海奇诺畅悦康复医疗中心,医疗保健服务;专科医院;专科医院,090200,瑞金二路411号伯爵居A座30F,121.467647,31.206981,021-64325136,[],[],医疗保健,上海市,上海市,黄浦区
B0J1JRU2C5,上海仁树门诊部,医疗保健服务;专科医院;眼科医院,090203,安顺路88号2号楼南座3、5层、601室(实际楼层为3、4层、501室),121.422243,31.201780,4000551269,[],[],医疗保健,上海市,上海市,长宁区
B0I32ULGSK,今识口腔,医疗保健服务;专科医院;口腔医院|医疗保健服务;专科医院;整形美容,090202|090201,瑞金南路341号西北室201北室、343号南1室,121.469770,31.197000,16621799892,[],[],医疗保健,上海市,上海市,黄浦区
B0FFIBT8GP,上海瑞丰口腔门诊部,医疗保健服务;专科医院;口腔医院,090202,斜土路1175号景泰大厦103室,121.465210,31.199711,,[],[],医疗保健,上海市,上海市,徐汇区
B001570VR6,松柏口腔门诊,医疗保健服务;专科医院;口腔医院,090202,华山路2088号汇银广场南楼907-908室,121.437273,31.196987,021-62802035,[],[],医疗保健,上海市,上海市,徐汇区
B0FFF2IEY2,兰荷视光眼科门诊部,医疗保健服务;专科医院;眼科医院,090203,中山南二路699号绿地酒旅集团中心B座F5层,121.458380,31.186019,021-54561306,[],[],医疗保健,上海市,上海市,徐汇区
B0FFFYN3VK,晨皓口腔门诊部,医疗保健服务;专科医院;口腔医院,090202,定西路1028号,121.423583,31.211351,021-62188020,[],[],医疗保健,上海市,上海市,长宁区
B0KKRCZ66X,卓美齿科(港汇恒隆门诊),医疗保健服务;专科医院;口腔医院,090202,虹桥路1号30层(徐家汇地铁站出口旁),121.437686,31.194881,4008007676,[],[],医疗保健,上海市,上海市,徐汇区
B0FFI7THAI,瑞康口腔,医疗保健服务;专科医院;口腔医院,090202,枫林路街道中山南二路777号2号楼4楼,121.456265,31.186465,021-64036788,[],[],医疗保健,上海市,上海市,徐汇区
B0IU5U12VR,悦辛口腔,医疗保健服务;专科医院;口腔医院,090202,斜土路1105号106室,121.466430,31.200864,,[],[],医疗保健,上海市,上海市,徐汇区
B0FFIA5DH4,上海科育儿童眼科,医疗保健服务;专科医院;眼科医院,090203,南丹路191号,121.431667,31.189884,021-54257982,[],[],医疗保健,上海市,上海市,徐汇区
B0LB39BFPH,上海陈蕾口腔诊所,医疗保健服务;专科医院;口腔医院,090202,绍兴路21号底层,121.463512,31.209016,021-53823850;021-63864611,[],[],医疗保健,上海市,上海市,黄浦区
B0JD9UVRCF,翊佑嘉口腔,医疗保健服务;专科医院;口腔医院,090202,延安西路1166号首信银都广场首层,121.428346,31.209877,021-32030038,[],[],医疗保健,上海市,上海市,长宁区
B0HG17STNH,Joy齿科·吴建琳口腔诊所,医疗保健服务;专科医院;口腔医院,090202,嘉善路508号尚街loft生活园区2号楼210室,121.460302,31.204721,021-34605359,[],[],医疗保健,上海市,上海市,徐汇区
B0FFIOZX41,DDS缔诗齿科·缔矢口腔门诊部,医疗保健服务;专科医院;口腔医院,090202,淮海中路1325号瑞丽大厦B105-06,121.449958,31.212343,021-54652678,[],[],医疗保健,上海市,上海市,徐汇区
B00155I6MI,上海欧西爱口腔门诊部,医疗保健服务;专科医院;口腔医院,090202,小木桥路251号天亿大厦1203室(近斜土路),121.458327,31.197657,021-64438326,[],[],医疗保健,上海市,上海市,徐汇区
B00156ZGJB,董亮口腔诊所,医疗保健服务;专科医院;口腔医院,090202,延安西路1023号大众金融大厦B楼10层1003,121.429802,31.212629,021-62473246,[],[],医疗保健,上海市,上海市,长宁区
B0I1JOHBZ6,上海联奥口腔诊所,医疗保健服务;专科医院;口腔医院,090202,新华路62号底层-4(交通大学地铁站5号口步行320米),121.431001,31.201680,,[],[],医疗保健,上海市,上海市,长宁区
B0HK9SZC3G,浩然口腔诊所,医疗保健服务;专科医院;口腔医院,090202,东安路800弄14号105室,121.457971,31.181456,17321291458,[],[],医疗保健,上海市,上海市,徐汇区
B0FFGKW88W,上海柏荟医疗美容门诊部,医疗保健服务;专科医院;整形美容,090201,汾阳路120号,121.453465,31.210192,021-64312266,3.7,[],医疗保健,上海市,上海市,徐汇区
B0FFFCU8G5,上海计生所医院门诊大楼,医疗保健服务;专科医院;专科医院,090200,斜土路2120号上海计生所医院内,121.450260,31.193152,021-64043553,[],[],医疗保健,上海市,上海市,徐汇区
B0FFFF7TWG,复旦大学附属眼耳鼻喉科医院汾阳院区急诊,医疗保健服务;专科医院;耳鼻喉医院,090204,汾阳路83号复旦大学附属眼耳鼻喉科医院内,121.453337,31.209503,,[],[],医疗保健,上海市,上海市,徐汇区
B0FFKRYM1Y,上海殷正权口腔诊所,医疗保健服务;专科医院;口腔医院,090202,昭化路508弄50号新衡商务楼407A,121.422225,31.211005,021-62260890;13671693926,[],[],医疗保健,上海市,上海市,长宁区
B00151BDD1,普慈口腔门诊部,医疗保健服务;专科医院;口腔医院,090202,法华镇路15号(近淮海西路),121.434148,31.202339,021-62811706,[],[],医疗保健,上海市,上海市,长宁区
B0FFG1RRRQ,上海名仁医疗美容门诊部,医疗保健服务;专科医院;整形美容,090201,广元路135-2附近,121.440292,31.199178,021-54669133,[],[],医疗保健,上海市,上海市,徐汇区
B0FFLHW8BI,裘明华口腔诊所,医疗保健服务;专科医院;口腔医院,090202,凯旋路1578号2楼(虹桥路地铁站6号口旁),121.421728,31.196518,,[],[],医疗保健,上海市,上海市,长宁区
B0FFH0Y33P,复丽医疗美容门诊部,医疗保健服务;专科医院;整形美容,090201,定西路738号东方金门大厦2楼,121.424136,31.207752,,[],[],医疗保健,上海市,上海市,长宁区
B0K6ZHXO02,上海市光华中西医结合医院延安西路院区门诊,医疗保健服务;专科医院;专科医院,090200,延安西路1508号上海市光华中西医结合医院(延安西路院区),121.422414,31.208934,,[],[],医疗保健,上海市,上海市,长宁区
B0015745SS,周丕光口腔诊所,医疗保健服务;专科医院;口腔医院,090202,中山南二路1007中煌大厦2层211,121.446019,31.180988,021-64577707,[],[],医疗保健,上海市,上海市,徐汇区
B00155GM8C,王刚口腔诊所,医疗保健服务;专科医院;口腔医院,090202,零陵路282号(东安路地铁站1号口步行350米),121.458732,31.192080,021-64166975,[],[],医疗保健,上海市,上海市,徐汇区
B00156N1O8,上海中医药大学附属光华医院总部门急诊,医疗保健服务;专科医院;专科医院,090200,新华路540号光华医院内,121.422200,31.204804,,[],[],医疗保健,上海市,上海市,长宁区
B0FFFHLYT4,上海樱苑口腔门诊部有限公司,医疗保健服务;专科医院;口腔医院,090202,漕溪北路18号5楼F座(徐家汇地铁站8号口步行110米),121.437786,31.192908,021-54241799,[],[],医疗保健,上海市,上海市,徐汇区
B0J0CUCYPB,上海榴齿口腔诊所,医疗保健服务;专科医院;口腔医院,090202,法华镇路455号,121.426689,31.204397,13761724828,[],[],医疗保健,上海市,上海市,长宁区
B0FFGB6HUG,上海臻视眼科门诊部(汇鑫国际店),医疗保健服务;专科医院;眼科医院,090203,宜山路333号汇鑫国际1号楼F1层,121.430470,31.187367,021-33680808,[],[],医疗保健,上海市,上海市,徐汇区
B0FFG20TDH,上海市胸科医院胸外科,医疗保健服务;专科医院;胸科医院,090205,淮海西路243号上海胸科医院F2层218室,121.425255,31.197528,13636407753,[],[],医疗保健,上海市,上海市,徐汇区
B0FFK7XY1W,上海芯牙儿童口腔门诊部,医疗保健服务;专科医院;口腔医院,090202,襄阳南路393弄4号,121.458155,31.206982,021-52999976,[],[],医疗保健,上海市,上海市,徐汇区
B0FFFEW3TO,复旦大学附属肿瘤医院徐汇院区住院部,医疗保健服务;专科医院;肿瘤医院,090207,东安路270号复旦大学附属肿瘤医院内,121.453263,31.190776,,[],[],医疗保健,上海市,上海市,徐汇区
B001571JEK,复旦大学附属眼耳鼻喉科医院汾阳院区6号楼,医疗保健服务;专科医院;专科医院,090200,汾阳路83号复旦大学附属眼耳鼻喉科医院内,121.453217,31.208874,,[],[],医疗保健,上海市,上海市,徐汇区
B0FFG0EUXD,复旦大学附属眼耳鼻喉科医院宝庆院区斜弱视门诊,医疗保健服务;专科医院;耳鼻喉医院,090204,宝庆路19号上海市五官科医院宝庆路分部3楼,121.450215,31.210176,,[],[],医疗保健,上海市,上海市,徐汇区
B00155G9QN,弘大口腔门诊部,医疗保健服务;专科医院;口腔医院,090202,永嘉路41海佳大厦7层,121.462214,31.210256,021-64456099,[],[],医疗保健,上海市,上海市,黄浦区
B001570WFP,复旦大学附属眼耳鼻喉科医院汾阳院区住院部,医疗保健服务;专科医院;耳鼻喉医院,090204,汾阳路83号复旦大学附属眼耳鼻喉科医院内,121.453603,31.209707,021-64376425,[],[],医疗保健,上海市,上海市,徐汇区
B0FFGYNWPU,华山东方乳房专科医院,医疗保健服务;专科医院;专科医院,090200,江苏路796号,121.433652,31.212276,,[],[],医疗保健,上海市,上海市,长宁区
B0JAK1OVPD,爱康齿科(上海君安分院),医疗保健服务;专科医院;口腔医院,090202,华山路1245号兴国宾馆10号楼2楼,121.433351,31.208573,,[],[],医疗保健,上海市,上海市,长宁区
B0FFGBBJ5B,上海市胸科医院3号住院楼,医疗保健服务;专科医院;胸科医院,090205,淮海西路241号上海市胸科医院内,121.426612,31.197673,,[],[],医疗保健,上海市,上海市,徐汇区
B0FFHR18UB,复旦大学附属眼耳鼻喉科医院宝庆路分部-汾阳视听医学,医疗保健服务;专科医院;耳鼻喉医院,090204,宝庆路与复兴中路交叉口南60米,121.450202,31.210136,,[],[],医疗保健,上海市,上海市,徐汇区
B0K6RSBAQI,上海美之源整形外科医院,医疗保健服务;专科医院;整形美容,090201,宝地新华C栋,121.421797,31.202479,4008250860,4.0,[],医疗保健,上海市,上海市,长宁区
B0FFF4QNGG,上海爱康国宾福康门诊部,医疗保健服务;专科医院;口腔医院,090202,定西路1018号,121.423804,31.211197,,[],[],医疗保健,上海市,上海市,长宁区
B0LGRNBD1M,上海丽保佳医疗美容门诊部,医疗保健服务;专科医院;整形美容,090201,淮海中路1325号3层301-302室,121.450016,31.212336,021-64318899,4.5,6096.00,医疗保健,上海市,上海市,徐汇区
B0KAFSI57G,上海市光华中西医结合医院眼科,医疗保健服务;专科医院;眼科医院,090203,延安西路1508号3号楼一层,121.422393,31.209090,15102123233,[],[],医疗保健,上海市,上海市,长宁区
B0L067NIP3,圣康口腔幸福里店,医疗保健服务;专科医院;口腔医院,090202,番禺路390号102室-3,121.429739,31.203948,19121762365,[],[],医疗保健,上海市,上海市,长宁区
B00156ZGHI,上海市胸科医院急诊,医疗保健服务;专科医院;胸科医院,090205,淮海西路241号上海市胸科医院内,121.425446,31.197853,,[],[],医疗保健,上海市,上海市,徐汇区
B0G1X1G0WR,上海中医药大学附属光华医院总部住院部,医疗保健服务;专科医院;专科医院,090200,新华路540号光华医院内,121.422541,31.204839,,[],[],医疗保健,上海市,上海市,长宁区
B00155HOBY,陈刚口腔诊所,医疗保健服务;专科医院;口腔医院,090202,茶陵路214甲,121.466881,31.197580,021-64222056,[],[],医疗保健,上海市,上海市,徐汇区
B0FFFVMGCN,上海伽玛医院门诊,医疗保健服务;专科医院;专科医院,090200,吴中东路518号,121.422200,31.189836,021-64385336,[],[],医疗保健,上海市,上海市,徐汇区
B0HGZZ2TI5,上海伽玛医院PET-CT中心,医疗保健服务;专科医院;专科医院,090200,吴中东路518号上海伽玛医院,121.422141,31.189955,,[],[],医疗保健,上海市,上海市,徐汇区
B0JA3ZOX2R,上海俏佳人,医疗保健服务;专科医院;整形美容,090201,番禺路752号,121.428789,31.198360,,4.8,73.00,医疗保健,上海市,上海市,徐汇区
B0FFLB022B,中国福利会国际和平妇幼保健院科研楼,医疗保健服务;专科医院;专科医院,090200,华山路1961号上海交通大学医学院附属国际和平妇幼保健院,121.439689,31.198999,,[],[],医疗保健,上海市,上海市,徐汇区
B0FFK6JVLJ,复旦大学附属肿瘤医院徐汇院区体检中心,医疗保健服务;专科医院;肿瘤医院,090207,徐汇区门诊5楼体检科(东安路地铁站6号口步行120米),121.453623,31.191645,,[],[],医疗保健,上海市,上海市,徐汇区
B0FFG0Q7NH,复旦大学附属眼耳鼻喉科医院宝庆院区专家门诊,医疗保健服务;专科医院;耳鼻喉医院,090204,宝庆路19号上海市五官科医院宝庆路分部2楼,121.450310,31.210150,,[],[],医疗保健,上海市,上海市,徐汇区
B001574VH3,精神疾病临床医学中心,医疗保健服务;专科医院;精神病医院,090210,零陵路604号,121.449127,31.187851,,[],[],医疗保健,上海市,上海市,徐汇区
B0K2TUPJCN,周斐斐口腔诊所,医疗保健服务;专科医院;口腔医院,090202,衡山路909号汇金百货2层222室,121.440664,31.195185,021-64470390,[],[],医疗保健,上海市,上海市,徐汇区
B0JALU6ETN,雅朴丽德上海伦新医疗美容门诊部,医疗保健服务;专科医院;整形美容,090201,虹桥路536号2楼,121.428910,31.193300,,3.8,[],医疗保健,上海市,上海市,徐汇区
B0FFJZ139F,灿生小颜整骨矫正瘦脸(徐汇店),医疗保健服务;专科医院;整形美容,090201,天钥桥路325号嘉汇国际广场A栋1823室,121.442981,31.188783,17521591452;18918434489,3.6,[],医疗保健,上海市,上海市,徐汇区
B0FFF3AGZV,上海晨鑫口腔门诊部,医疗保健服务;专科医院;口腔医院,090202,嘉善路98、118明园商务中心B座B502,121.459016,31.211752,,[],[],医疗保健,上海市,上海市,徐汇区
B0JKRDUX0P,上海高寿林口腔诊所,医疗保健服务;专科医院;口腔医院,090202,中山西路1265弄18号1609,121.420265,31.192638,021-62734585,[],[],医疗保健,上海市,上海市,长宁区
B001577KGK,上海交通大学医学院附属精神卫生中心急诊,医疗保健服务;专科医院;精神病医院,090210,上海市精神卫生中心1号楼,121.449265,31.187199,,[],[],医疗保健,上海市,上海市,徐汇区
B0JBGHMYH3,西佑口腔,医疗保健服务;专科医院;口腔医院,090202,延安西路1566号龙峰大厦12A,121.420753,31.208604,,[],[],医疗保健,上海市,上海市,长宁区
B0FFH7VTVM,百达丽,医疗保健服务;专科医院;整形美容,090201,漕溪北路88号1-3层(徐家汇地铁站8号口步行150米),121.437258,31.191863,021-64266075,3.8,[],医疗保健,上海市,上海市,徐汇区
B00155E899,福仁眼科,医疗保健服务;专科医院;眼科医院,090203,漕溪北路41号汇嘉大厦6-C,121.439327,31.192179,021-54901949,[],[],医疗保健,上海市,上海市,徐汇区
B0L2OZVKQY,上海童高儿科门诊部,医疗保健服务;专科医院;专科医院,090200,新华路664号25幢1层132室,121.420512,31.205235,021-62851089,[],[],医疗保健,上海市,上海市,长宁区
B0LDJRW4HP,维乐口腔(定西路门诊),医疗保健服务;专科医院;口腔医院,090202,定西路与新华路交叉口西南80米,121.422882,31.203705,,[],[],医疗保健,上海市,上海市,长宁区
B00155IEM7,上海赵志堂口腔诊所,医疗保健服务;专科医院;口腔医院,090202,打浦路8海华商厦211室(打浦桥地铁站2号口步行70米),121.469468,31.205197,021-64662067,[],[],医疗保健,上海市,上海市,黄浦区
B00155E3HT,陈兰芬医师口腔诊所,医疗保健服务;专科医院;口腔医院,090202,安顺路89弄7浦江大厦2010号,121.422358,31.200735,,[],[],医疗保健,上海市,上海市,长宁区
B0FFF9E0SY,复旦大学附属肿瘤医院徐汇院区核医学科,医疗保健服务;专科医院;肿瘤医院,090207,复旦大学附属附属肿瘤医院东安路270号6号楼1楼,121.453354,31.192038,,[],[],医疗保健,上海市,上海市,徐汇区
B0H2GSUWY5,复旦大学附属眼耳鼻喉科医院汾阳院区6号楼住院楼,医疗保健服务;专科医院;耳鼻喉医院,090204,汾阳路83号复旦大学附属眼耳鼻喉科医院(汾阳院区),121.453312,31.208847,,[],[],医疗保健,上海市,上海市,徐汇区
B0KAR5FXKU,御青龄健康,医疗保健服务;专科医院;整形美容,090201,淮海西路666号305-306B室(虹桥路地铁站4号口旁),121.422975,31.196956,15300951191,[],[],医疗保健,上海市,上海市,长宁区
B00155IQ75,上海伽玛医院脑病中心,医疗保健服务;专科医院;专科医院,090200,吴中东路518号上海伽玛医院,121.422174,31.189896,,[],[],医疗保健,上海市,上海市,徐汇区
B0K01M7YHS,上海微笑天使口腔门诊部(徐汇店),医疗保健服务;专科医院;口腔医院,090202,中山西路2240号(宜山路地铁站8号口步行400米),121.429964,31.181113,18072240340,[],[],医疗保健,上海市,上海市,徐汇区
B0FFFELZA3,复旦大学附属肿瘤医院磁共振,医疗保健服务;专科医院;肿瘤医院,090207,东安路270号复旦大学附属肿瘤医院内,121.453033,31.191937,,[],[],医疗保健,上海市,上海市,徐汇区
B0FFG0JRBJ,复旦大学附属眼耳鼻喉科医院宝庆院区低视力门诊,医疗保健服务;专科医院;耳鼻喉医院,090204,宝庆路19号复旦大学附属眼耳鼻喉科医院(宝庆院区),121.450310,31.210149,,[],[],医疗保健,上海市,上海市,徐汇区
B0FFHB9AWX,上海市精神卫生中心4,医疗保健服务;专科医院;精神病医院,090210,零陵路与宛平南路交叉口西南160米,121.448025,31.187275,,[],[],医疗保健,上海市,上海市,徐汇区
B0FFGU7NOF,上海计生所医院住院部,医疗保健服务;专科医院;专科医院,090200,斜土路2120号上海计生所医院内,121.449938,31.193026,,[],[],医疗保健,上海市,上海市,徐汇区
B00156F371,圣瑞医疗上海圣恩儿科门诊部(暂停营业),医疗保健服务;专科医院;专科医院,090200,永嘉路718弄1号(衡山路地铁站1号口步行100米),121.447154,31.204076,021-34691700,[],[],医疗保健,上海市,上海市,徐汇区
B0H06ADTCB,健高儿科(均瑶国际广场院),医疗保健服务;专科医院;专科医院,090200,肇嘉浜路789号均瑶国际广场F26层,121.448707,31.198105,,[],[],医疗保健,上海市,上海市,徐汇区
B00155IRIS,上海市精神卫生中心老年期痴呆诊疗中心,医疗保健服务;专科医院;精神病医院,090210,宛平南路600号,121.449059,31.187943,,[],[],医疗保健,上海市,上海市,徐汇区
B0LAC5DOAC,上海杨勇医疗美容外科诊所(虹桥路店),医疗保健服务;专科医院;整形美容,090201,虹桥路128号B区负一楼(徐家汇地铁站20号口步行470米),121.434764,31.191474,021-54590957,4.1,[],医疗保健,上海市,上海市,徐汇区
B0IDK6C2YH,NEW FACE纽菲思医美诊所,医疗保健服务;专科医院;整形美容,090201,新华路519号,121.422943,31.204089,,[],[],医疗保健,上海市,上海市,长宁区
B0FFJ1FYNO,新星医疗美容(徐汇绿地缤纷城西区店),医疗保健服务;专科医院;整形美容,090201,东安路562号徐汇绿地缤纷城西区F3层,121.457071,31.182966,,3.9,[],医疗保健,上海市,上海市,徐汇区
B0FFHX5H14,上海伯思立医疗口腔科,医疗保健服务;专科医院;口腔医院,090202,漕溪北路88号圣爱大厦1层(徐家汇地铁站8号口步行170米),121.437115,31.191965,021-64266075,[],[],医疗保健,上海市,上海市,徐汇区
B0FFHGNGF7,百问堂肿瘤专家服务部(东安路店),医疗保健服务;专科医院;肿瘤医院,090207,东安路277号(东安路地铁站4号口步行120米),121.454608,31.191473,,[],[],医疗保健,上海市,上海市,徐汇区
B0FFHBLLR1,俊杰口腔,医疗保健服务;专科医院;口腔医院,090202,漕溪北路737弄汇翠花园1号楼5层503,121.437453,31.185226,021-54259793,[],[],医疗保健,上海市,上海市,徐汇区
B0FFFPLI3A,美年口腔(上海小木桥总店),医疗保健服务;专科医院;口腔医院,090202,小木桥路251号天亿大厦2层,121.458353,31.197610,15721266846,[],[],医疗保健,上海市,上海市,徐汇区
B0K32C8I7L,泰尔茂医疗,医疗保健服务;专科医院;整形美容,090201,凯旋路1388号长宁国际IM T1栋1601、1602室,121.422059,31.198101,,[],[],医疗保健,上海市,上海市,长宁区
B0H17D5BXV,孙斌口腔诊所,医疗保健服务;专科医院;口腔医院,090202,武夷路348号武夷坊F8层,121.423593,31.212461,,[],[],医疗保健,上海市,上海市,长宁区
B0I69U52A6,上海美奥口腔医疗服务有限公司,医疗保健服务;专科医院;口腔医院,090202,延安西路1088号长峰中心21楼,121.431053,31.211442,,[],[],医疗保健,上海市,上海市,长宁区
B0IK9C3L6E,上海中医药大学附属光华医院总部发热门诊,医疗保健服务;专科医院;专科医院,090200,新华路540号,121.422606,31.205138,13816749946;4000310188,[],[],医疗保健,上海市,上海市,长宁区
B0LGFHRNWJ,上海85骨科医院,医疗保健服务;专科医院;骨科医院,090206,华山路与平武路交叉口北200米,121.432375,31.210225,,[],[],医疗保健,上海市,上海市,长宁区
B0FFG0I5AC,复旦大学附属眼耳鼻喉科医院宝庆院区屈光专科门诊,医疗保健服务;专科医院;耳鼻喉医院,090204,宝庆路19号上海市五官科医院宝庆路分部2楼,121.450310,31.210149,,[],[],医疗保健,上海市,上海市,徐汇区
B00155HD5P,张影刘建华口腔诊所,医疗保健服务;专科医院;口腔医院,090202,零陵路899-1号飞洲国际大厦16层E座,121.437634,31.183268,,[],[],医疗保健,上海市,上海市,徐汇区
B0KAGU081S,诺英医疗美容,医疗保健服务;专科医院;整形美容,090201,肇嘉浜路201号上海生产资料交易市场F5层,121.464025,31.203125,,4.2,[],医疗保健,上海市,上海市,徐汇区
B0FFHQ7MGI,上海中医药大学附属光华医院总部1号楼,医疗保健服务;专科医院;专科医院,090200,新华路568号上海中医药大学附属光华医院(总部),121.422579,31.204841,,[],[],医疗保健,上海市,上海市,长宁区
B0FFHGJK4F,复旦大学附属肿瘤医院徐汇院区3病区,医疗保健服务;专科医院;肿瘤医院,090207,东安路270号复旦大学附属肿瘤医院(徐汇院区),121.453675,31.191675,,[],[],医疗保健,上海市,上海市,徐汇区
B0FFIB8PUD,上海中医药大学附属光华医院总部骨伤科,医疗保健服务;专科医院;专科医院,090200,新华路568号上海中医药大学附属光华医院(总部),121.422433,31.204652,,[],[],医疗保健,上海市,上海市,长宁区
B0FFHB9AAW,上海市精神卫生中心7,医疗保健服务;专科医院;精神病医院,090210,零陵路与双峰北路交叉口东南120米,121.447251,31.186810,,[],[],医疗保健,上海市,上海市,徐汇区
B0FFHQ7M7L,上海中医药大学附属光华医院总部2号楼,医疗保健服务;专科医院;专科医院,090200,新华路540-1号附近,121.422131,31.204791,,[],[],医疗保健,上海市,上海市,长宁区
B0FFG95IP1,上海市胸科医院胸痛中心,医疗保健服务;专科医院;胸科医院,090205,淮海西路241-243号上海市胸科医院,121.425475,31.197925,,[],[],医疗保健,上海市,上海市,徐汇区
B0LBF5TGEZ,卓然汇眼科医院,医疗保健服务;专科医院;眼科医院,090203,虹桥路与淮海西路交叉口东南80米,121.423239,31.194860,,[],[],医疗保健,上海市,上海市,徐汇区
B0JKPMTHAM,上海美颜臣国际医疗中心(长宁分院),医疗保健服务;专科医院;整形美容,090201,凯旋路1398号长宁国际T10栋3-4层,121.421265,31.199712,,3.9,[],医疗保健,上海市,上海市,长宁区
B0L3TX8K5Z,上海于彬医疗美容诊所,医疗保健服务;专科医院;整形美容,090201,延安西路1358号迎龙大厦,121.424630,31.209412,,3.5,[],医疗保健,上海市,上海市,长宁区
B0L19OISAY,上海上悦信研医疗美容诊所有限公司,医疗保健服务;专科医院;整形美容,090201,华山路1520弄与华山路交叉口西南40米,121.433285,31.205079,,2.7,[],医疗保健,上海市,上海市,长宁区
B0FFF00L1S,爱康国宾中山公园南延安西路分院,医疗保健服务;诊所;诊所,090300,定西路1018号第二层,121.423664,31.211299,4008100120,[],[],医疗保健,上海市,上海市,长宁区
B00155IMCP,美年大健康体检中心(小木桥店),医疗保健服务;诊所;诊所,090300,小木桥路251号天亿大厦1-3F,121.458199,31.197582,021-63810226,[],[],医疗保健,上海市,上海市,徐汇区
B0FFIW2B5T,君和堂中医馆(徐汇店),医疗保健服务;诊所;诊所,090300,凯旋路3580号1楼和2楼(上海体育馆地铁站7号口步行330米),121.433725,31.181425,021-64172558,3.4,[],医疗保健,上海市,上海市,徐汇区
B00157GQWW,上海市精神卫生中心-门诊,医疗保健服务;诊所;诊所,090300,上海市精神卫生中心1号楼,121.448989,31.187528,021-34773231,[],[],医疗保健,上海市,上海市,徐汇区
B0FFFZIYD9,上海市针灸经络研究所医疗门诊部,医疗保健服务;诊所;诊所,090300,宛平南路650号,121.449052,31.186337,021-64397518;021-64684215,4.6,[],医疗保健,上海市,上海市,徐汇区
B0K057W0FO,新氧青春诊所(上海新淮海坊店),医疗保健服务;诊所;诊所,090300,淮海西路676号(虹桥路地铁站4号口),121.422478,31.196542,021-62550688,[],[],医疗保健,上海市,上海市,长宁区
B0IGN79XIM,上海承志堂中医门诊部,医疗保健服务;诊所;诊所,090300,宛平南路381号2-6层,121.447527,31.191477,021-64285181;021-64285596;13817228496,[],[],医疗保健,上海市,上海市,徐汇区
B0FFHX6R08,上海源生中医门诊部,医疗保健服务;诊所;诊所,090300,延安西路1358号迎龙大厦1号楼,121.424445,31.209526,021-63579999,[],[],医疗保健,上海市,上海市,长宁区
B00155LZ08,上海市中医文献馆中医门诊部,医疗保健服务;诊所;诊所,090300,瑞金二路156号(近瑞金医院),121.465696,31.209296,021-64371505,[],[],医疗保健,上海市,上海市,黄浦区
B0FFL20RN3,沁申堂中医门诊部,医疗保健服务;诊所;诊所,090300,幸福路42号,121.431167,31.203922,021-62101338;13636590755,[],[],医疗保健,上海市,上海市,长宁区
B0FFF4AWH7,联合医务上海怡东门诊部,医疗保健服务;诊所;诊所,090300,淮海中路1325号瑞丽大厦304-10,121.449943,31.212308,021-64730055,[],[],医疗保健,上海市,上海市,徐汇区
B0LGRC3JEY,上海协爱朋安中医门诊部,医疗保健服务;诊所;诊所,090300,定西路685号201室、301室、401室,121.423733,31.206773,13052570593,[],[],医疗保健,上海市,上海市,长宁区
B0J1YUN8JI,怡康时代中医(怡康时代中医门诊部),医疗保健服务;诊所;诊所,090300,合宝路26号(嘉善路地铁站4号口步行480米),121.464606,31.200259,18857579863,[],[],医疗保健,上海市,上海市,徐汇区
B0FFLFGKN2,南京同仁堂,医疗保健服务;诊所;诊所,090300,清真路23号(嘉善路地铁站4号口步行220米),121.460828,31.199895,021-54109982,[],[],医疗保健,上海市,上海市,徐汇区
B0H6L7F5DK,开欣儿童青少年心理诊所(精卫中心店),医疗保健服务;诊所;诊所,090300,中山南二路699号正大乐城(龙华中路地铁站2号口步行50米),121.458396,31.186036,13166162290,3.9,1537.00,医疗保健,上海市,上海市,徐汇区
B0FFKK9QJQ,上海上工坊善健中医门诊部,医疗保健服务;诊所;诊所,090300,建国西路151号(嘉善路地铁站2号口步行470米),121.462226,31.206298,021-54665225,[],[],医疗保健,上海市,上海市,黄浦区
B0J2A52FG3,上海觉在堂中医诊所,医疗保健服务;诊所;诊所,090300,天钥桥路325号嘉汇国际广场A栋2117-2118室,121.442997,31.188888,13062895526,[],[],医疗保健,上海市,上海市,徐汇区
B0FFI6XZ8M,鼎瀚中医门诊部,医疗保健服务;诊所;诊所,090300,中山西路1602号宏汇国际广场B座101室,121.421596,31.186936,,[],[],医疗保健,上海市,上海市,徐汇区
B0J3ZSXPQQ,橙禾澄心临床心理诊所 Mindspring Clinic,医疗保健服务;诊所;诊所,090300,凯旋路1398号长宁国际T10栋204-205,121.421330,31.199781,021-52655020,[],[],医疗保健,上海市,上海市,长宁区
B0LRSM3SGW,象龟家中医诊所(万体馆店),医疗保健服务;诊所;诊所,090300,中山南二路1019号(上海游泳馆地铁站2号口步行470米),121.445492,31.180816,,[],[],医疗保健,上海市,上海市,徐汇区
B0015750NR,名医堂•颈肩腰腿特色调理(斜土路店),医疗保健服务;诊所;诊所,090300,小木桥路251号天亿大厦15层,121.458389,31.197591,021-64674849,4.2,[],医疗保健,上海市,上海市,徐汇区
B0LAZ11K9U,方寸山悦之社中医诊所,医疗保健服务;诊所;诊所,090300,定西路1118号武夷坊A栋6楼,121.423569,31.212446,,[],[],医疗保健,上海市,上海市,长宁区
B00157HW6R,上海张德福中医诊所,医疗保健服务;诊所;诊所,090300,零陵路11-1号(大木桥路地铁站1号口步行300米),121.467176,31.195118,,[],[],医疗保健,上海市,上海市,徐汇区
B0K26AR45F,上海元朔中医门诊部,医疗保健服务;诊所;诊所,090300,昭化路66号-3底商,121.428064,31.212259,021-62666198,[],[],医疗保健,上海市,上海市,长宁区
B0JUJ7PPD8,益仁堂中医诊所,医疗保健服务;诊所;诊所,090300,古宜路110号群众艺术馆对面,121.425963,31.186112,,[],[],医疗保健,上海市,上海市,徐汇区
B0KGNCWR7T,曜归堂中医诊所,医疗保健服务;诊所;诊所,090300,漕溪北路41号1908室,121.439629,31.192293,13003106976,[],[],医疗保健,上海市,上海市,徐汇区
B0KR5OO7T5,雷允上(吴中路店),医疗保健服务;医药保健销售店;药房|医疗保健服务;诊所;诊所,090601|090300,中山西路1500号,121.420801,31.189419,021-34241785;18117108686,[],[],医疗保健,上海市,上海市,徐汇区
B0HRJBM3UO,上海六悦中医诊所,医疗保健服务;诊所;诊所,090300,泰安路133号(交通大学地铁站6号口步行340米),121.434358,31.204958,,[],[],医疗保健,上海市,上海市,长宁区
B0LAXA0VF0,益仁堂中医诊所,医疗保健服务;诊所;诊所,090300,茶陵路200号二楼,121.467055,31.197132,18721891933,[],[],医疗保健,上海市,上海市,徐汇区
B0J3V573EH,御卿居中医诊所,医疗保健服务;诊所;诊所,090300,虹桥路400弄10号102B室,121.431075,31.192422,,[],[],医疗保健,上海市,上海市,徐汇区
B00154UJLJ,复旦大学放射医学研究所上海放射医学专科门诊部,医疗保健服务;诊所;诊所,090300,斜土路2094号8号楼底层,121.451651,31.191735,,[],[],医疗保健,上海市,上海市,徐汇区
B0H6F60V4S,上海宝君堂中医诊所,医疗保健服务;诊所;诊所,090300,天钥桥路380弄20号汇峰大厦11B,121.440018,31.187254,,[],[],医疗保健,上海市,上海市,徐汇区
B0L3MCLJAA,京东之业堂汇宝中医诊所,医疗保健服务;诊所;诊所,090300,南丹东路37-1号,121.445453,31.191159,15900933269,[],[],医疗保健,上海市,上海市,徐汇区
B0JB31FQON,上海455医院-高端体检中心,医疗保健服务;诊所;诊所,090300,淮海西路338号,121.427752,31.200185,,[],[],医疗保健,上海市,上海市,长宁区
B0KUTX7DRL,永康中医门诊,医疗保健服务;诊所;诊所,090300,小木桥路251号天亿大厦F15层,121.458389,31.197591,021-64674849,[],[],医疗保健,上海市,上海市,徐汇区
B00156O24V,上海泰坤堂佰龄天寿中医门诊部,医疗保健服务;诊所;诊所,090300,嘉善路88号(陕西南路地铁站7号口步行420米),121.459160,31.212040,021-64668028,[],[],医疗保健,上海市,上海市,徐汇区
B0K3UCXVOU,信裕堂中医诊所,医疗保健服务;诊所;诊所,090300,零陵路88号底层-2室(大木桥路地铁站1号口步行60米),121.464735,31.194371,021-54560018,[],[],医疗保健,上海市,上海市,徐汇区
B0JRZASA9O,上海馨鹊中医诊所,医疗保健服务;诊所;诊所,090300,钦州北路188号502A室,121.420880,31.180672,021-54110313,[],[],医疗保健,上海市,上海市,徐汇区
B0K3M7LSDS,上海理筋匠中医诊所,医疗保健服务;诊所;诊所,090300,中山南二路144号(大木桥路地铁站6号口步行330米),121.466638,31.193266,13917645567,[],[],医疗保健,上海市,上海市,徐汇区
B0LGT7Z9TR,上海汇济堂中医门诊部,医疗保健服务;诊所;诊所,090300,"上海市徐汇区肇嘉浜路393号裙房二楼,小区入口左手边20米",121.458857,31.201892,021-64334567,[],[],医疗保健,上海市,上海市,徐汇区
B0FFLH713G,上海善援中医诊所,医疗保健服务;诊所;诊所,090300,定西路1016号1603D,121.423793,31.210879,15121118307,[],[],医疗保健,上海市,上海市,长宁区
B0L0DHNB7E,象龟家中医诊所(清真路店),医疗保健服务;诊所;诊所,090300,清真路22号(嘉善路地铁站4号口步行290米),121.459872,31.199759,,[],[],医疗保健,上海市,上海市,徐汇区
B0FFGBBJE5,上海臻景门诊部,医疗保健服务;诊所;诊所,090300,新华路街道兴国路78号兴国宾馆5号楼,121.434093,31.209183,021-62100180,[],[],医疗保健,上海市,上海市,长宁区
B0FFIYMCZC,汲清堂中医养生(伊泰利大厦A座店),医疗保健服务;诊所;诊所,090300,肇嘉浜路446弄1号伊泰利大厦1号楼F13层,121.455249,31.201651,021-61131022,3.7,[],医疗保健,上海市,上海市,徐汇区
B0FFLIUQIJ,上海都健中医诊所,医疗保健服务;诊所;诊所,090300,南丹东路18号6楼607室,121.445612,31.190713,15001988227,[],[],医疗保健,上海市,上海市,徐汇区
B0LBRUJIU7,上海平令中医诊所,医疗保健服务;诊所;诊所,090300,零陵路与宛平南路交叉口东北80米,121.449569,31.189050,,[],[],医疗保健,上海市,上海市,徐汇区
B0L02SNOEI,上海源之中医门诊部,医疗保健服务;诊所;诊所,090300,法华镇路455号-10,121.426471,31.204814,,[],[],医疗保健,上海市,上海市,长宁区
B00155KSEX,申大齿科门诊部有限公司,医疗保健服务;诊所;诊所,090300,肇嘉浜路807号五洲国际大厦11层11C,121.447841,31.197945,021-64377987,[],[],医疗保健,上海市,上海市,徐汇区
B0G0S72KNY,上海徐汇区颐祥养老院医务室,医疗保健服务;诊所;诊所,090300,斜土路零陵小区(上海体育场地铁站2号口步行210米),121.443837,31.187332,,[],[],医疗保健,上海市,上海市,徐汇区
B0H64SHBCQ,上海至真中医诊所,医疗保健服务;诊所;诊所,090300,肇嘉浜路288号中福商务楼F1层,121.460516,31.203616,,[],[],医疗保健,上海市,上海市,徐汇区
B0FFKSZ7Y3,上海洛伊克巴德门诊部,医疗保健服务;诊所;诊所,090300,蒲汇塘路130号,121.432029,31.187190,,[],[],医疗保健,上海市,上海市,徐汇区
B001559HQ1,上海复医门诊部(君和堂中医馆),医疗保健服务;诊所;诊所,090300,零陵路384号(东安路地铁站2号口旁),121.454176,31.190340,021-64177880,[],[],医疗保健,上海市,上海市,徐汇区
B0JK3LBC48,昊炅堂中医诊所,医疗保健服务;诊所;诊所,090300,钦州北路188号华京商务大厦F9层,121.420949,31.181128,,[],[],医疗保健,上海市,上海市,徐汇区
B0KRTAWSWU,上海禾登诊所有限公司,医疗保健服务;诊所;诊所,090300,凯田路与十钢二号路(城雕)交叉口西南160米,121.422644,31.197096,,[],[],医疗保健,上海市,上海市,长宁区
B0HBBK0AW0,上海复跃康复医学诊所,医疗保健服务;诊所;诊所,090300,华山路1568号南丰大厦2层,121.433438,31.205100,,[],[],医疗保健,上海市,上海市,长宁区
B0LAOLSC0E,海珀步行街卫生站,医疗保健服务;诊所;诊所,090300,瑞平路与东安路交叉口南160米,121.458425,31.182625,,[],[],医疗保健,上海市,上海市,徐汇区
B0FFJQ2V99,上海市医疗急救中心华山分站,医疗保健服务;急救中心;急救中心,090400,华山路1576号(交通大学地铁站6号口步行250米),121.433668,31.204718,,[],[],医疗保健,上海市,上海市,长宁区
B0FFG0GZT1,上海交通大学医学院附属瑞金医院急救,医疗保健服务;急救中心;急救中心,090400,瑞金二路197号上海交通大学医学院附属瑞金医院(黄浦院区),121.465965,31.212266,,[],[],医疗保健,上海市,上海市,黄浦区
B001516535,中国疾病预防控制中心寄生虫病预防控制所,医疗保健服务;疾病预防机构;疾病预防,090500,瑞金二路207号(近瑞金医院),121.466469,31.209771,,[],[],医疗保健,上海市,上海市,黄浦区
B0HKLAQNNX,上海徐宁白蚁防治(小木桥路小区店),医疗保健服务;疾病预防机构;疾病预防,090500,清真路140号,121.457942,31.199012,021-64510086,[],[],医疗保健,上海市,上海市,徐汇区
B0IU4OLAHP,益药·药房综合旗舰店(徐汇店),医疗保健服务;医药保健销售店;药房,090601,瑞金南路500号,121.468224,31.198744,13162294269,[],[],医疗保健,上海市,上海市,徐汇区
B001556HY6,第一医药汇丰大药房(抗肿瘤药店),医疗保健服务;医药保健销售店;药房,090601,东安路326号(东安路地铁站5号口步行80米),121.454859,31.190546,021-64435336,[],[],医疗保健,上海市,上海市,徐汇区
B0HKLSPEHH,京东大药房,医疗保健服务;医药保健销售店;药房,090601,斜土路1642号(中山医院3门正对面),121.456421,31.195995,021-64401560,[],[],医疗保健,上海市,上海市,徐汇区
B0J6BMPF28,汇丰大药房(中山新村店),医疗保健服务;医药保健销售店;药房,090601,枫林路81号(肇嘉浜路地铁站2号口步行490米),121.454624,31.198925,021-64030196;021-64165937;13917863823,[],[],医疗保健,上海市,上海市,徐汇区
B00150D072,汇丰大药房,医疗保健服务;医药保健销售店;药房,090601,,121.424658,31.178474,021-64751265;021-64854970,[],[],医疗保健,上海市,上海市,徐汇区
B0J0G17FKS,上海第一医药汇丰医药三店,医疗保健服务;医药保健销售店;药房,090601,华山路2038号百联徐汇商业广场1F层,121.437052,31.197165,13524486683,[],[],医疗保健,上海市,上海市,徐汇区
B00156QIIY,汇丰大药房(天寿堂国药号),医疗保健服务;医药保健销售店;药房,090601,天钥桥路65号(徐家汇地铁站14号口步行270米),121.441369,31.193421,021-64381748,[],[],医疗保健,上海市,上海市,徐汇区
B0K2UCN2AS,老百姓大药房(建国西路店),医疗保健服务;医药保健销售店;药房,090601,嘉善路113弄1.3号-2室,121.459194,31.210691,021-64732835;15921901128,[],[],医疗保健,上海市,上海市,徐汇区
B001526171,老百姓大药房(徐汇店),医疗保健服务;医药保健销售店;药房,090601,徐虹北路3号101室(宜山路地铁站5号口步行140米),121.426682,31.189213,,[],[],医疗保健,上海市,上海市,徐汇区
B0JGMM8LVF,自然之声助听器(上海验配总部),医疗保健服务;医药保健销售店;医疗保健用品,090602,华山路2088号汇银广场南楼1306室,121.437167,31.196722,17317929194,[],[],医疗保健,上海市,上海市,徐汇区
B00155F8SC,益丰大药房(华山路店),医疗保健服务;医药保健销售店;药房,090601,华山路1621号底层(交通大学地铁站6号口步行90米),121.434657,31.203438,,[],[],医疗保健,上海市,上海市,长宁区
B0I19MSEW3,声望听力飞利浦助听器(南丹路店),医疗保健服务;医药保健销售店;医疗保健用品,090602,南丹东路145号(徐家汇地铁站2号口步行420米),121.441775,31.189932,021-64682068,[],[],医疗保健,上海市,上海市,徐汇区
B001559OGD,国大药房(宛平店),医疗保健服务;医药保健销售店;药房,090601,宛平南路221号,121.446433,31.193562,,[],[],医疗保健,上海市,上海市,徐汇区
B0G2Z7HGMJ,声望听力飞利浦助听器(汾阳路店),医疗保健服务;医药保健销售店;医疗保健用品,090602,汾阳路138号5楼505室(声望听力助听器),121.453187,31.209970,021-54650192;021-54650193,[],[],医疗保健,上海市,上海市,徐汇区
B0FFJCVQ80,山势医疗器械,医疗保健服务;医药保健销售店;医疗保健用品,090602,枫林路190号,121.455182,31.196698,021-64179125,[],[],医疗保健,上海市,上海市,徐汇区
B0KGLSVAZZ,第一医药华山路店,医疗保健服务;医药保健销售店;药房,090601,华山路1399号1层,121.433402,31.207217,021-62593120,[],[],医疗保健,上海市,上海市,长宁区
B0LA9ZVJGD,章光101(淮海直营店),医疗保健服务;医药保健销售店;医疗保健用品,090602,海中路(近常孰路)1372号,121.448912,31.211846,021-64378980;13524665509,4.2,[],医疗保健,上海市,上海市,徐汇区
B0FFJ4XZ4C,海之声助听器(上海徐汇旗舰中心店),医疗保健服务;医药保健销售店;医疗保健用品,090602,大木桥路509号底层(大木桥路地铁站4号口步行60米),121.463574,31.194683,021-64188662,[],[],医疗保健,上海市,上海市,徐汇区
B00156NU2B,海王星辰健康药房(肇嘉浜路店),医疗保健服务;医药保健销售店;药房,090601,上海上海徐汇区肇嘉浜路259号,121.462062,31.202750,,[],[],医疗保健,上海市,上海市,徐汇区
B00156O04A,海之声助听器(上海徐汇VIP专业听力中心/上海徐汇儿童听力中心店),医疗保健服务;医药保健销售店;医疗保健用品,090602,汾阳路138号109室,121.453056,31.209873,021-64185855,4.1,[],医疗保健,上海市,上海市,徐汇区
B001559953,得一大药房(延安西路店),医疗保健服务;医药保健销售店;药房,090601,延安西路986号,121.431462,31.212951,021-62523653,[],[],医疗保健,上海市,上海市,长宁区
B0L04CY61N,北京同仁堂(徐汇店),医疗保健服务;医药保健销售店;药房,090601,斜土路2428号,121.446475,31.191075,18601769131,[],[],医疗保健,上海市,上海市,徐汇区
B0FFJJ5T9Y,雷允上(枫林店),医疗保健服务;医药保健销售店;药房,090601,小木桥路1-2号泰康大楼,121.458183,31.197003,021-64225585;15900971353,[],[],医疗保健,上海市,上海市,徐汇区
B0FFF3APYG,老百姓大药房(徐汇虹桥路店),医疗保健服务;医药保健销售店;药房,090601,上海上海徐汇区虹桥路410号(近宜山路),121.431043,31.192434,,[],[],医疗保健,上海市,上海市,徐汇区
B0H3J75RRQ,老百姓大药房(瑞金南路店),医疗保健服务;医药保健销售店;药房,090601,瑞金南路538号,121.468644,31.197661,,[],[],医疗保健,上海市,上海市,徐汇区
B0FFFPK67L,复美大药房(徐惠店),医疗保健服务;医药保健销售店;药房,090601,茶陵路216号-5号,121.466342,31.197691,,[],[],医疗保健,上海市,上海市,徐汇区
B0KR1OQUAE,御膳百草堂|五高·疼痛健康管理(徐汇旗舰店),医疗保健服务;医药保健销售店;药房,090601,中山西路1868号凯托大厦1层,121.425258,31.183108,,[],[],医疗保健,上海市,上海市,徐汇区
B0FFGSU7DL,叮当智慧药房(小木桥路店),医疗保健服务;医药保健销售店;药房,090601,小木桥路228号,121.457352,31.198494,,[],[],医疗保健,上海市,上海市,徐汇区
B0FFIKG0YO,民医堂灰指甲(轻工大楼店),医疗保健服务;医药保健销售店;医疗保健用品,090602,斜土路1594号-1,121.459250,31.196972,,4.2,[],医疗保健,上海市,上海市,徐汇区
B0H1CU3KEJ,上海医朵云智慧药房有限公司(宛平南路店),医疗保健服务;医药保健销售店;药房,090601,宛平南路299号,121.447192,31.191974,021-64400902,[],[],医疗保健,上海市,上海市,徐汇区
B0J3PZ7BBR,上药新特大药房,医疗保健服务;医药保健销售店;药房,090601,小木桥路268弄1-2号,121.457748,31.196793,,[],[],医疗保健,上海市,上海市,徐汇区
B0JK95DW4J,博音助听器上海徐汇中心,医疗保健服务;医药保健销售店;医疗保健用品,090602,宛平南路277号丙,121.446973,31.192446,16621316192,[],[],医疗保健,上海市,上海市,徐汇区
B0I1FRQ98Q,第一医药(乐山路店),医疗保健服务;医药保健销售店;药房,090601,乐山路与广元西路交叉口北20米,121.430586,31.194176,021-64470224,[],[],医疗保健,上海市,上海市,徐汇区
B00156QE40,汇丰大药房(糖尿病店),医疗保健服务;医药保健销售店;药房,090601,宛平南路550号,121.448318,31.189241,021-54979001,[],[],医疗保健,上海市,上海市,徐汇区
B0HUVX6556,老百姓大药房连锁(上海)有限公司,医疗保健服务;医药保健销售店;药房,090601,中山南二路1001号-4临,121.446187,31.181208,,[],[],医疗保健,上海市,上海市,徐汇区
B0K6GMVUUC,圆心大药房(斜土路店),医疗保健服务;医药保健销售店;药房,090601,斜土路1636号1638号,121.457125,31.196203,15921354046,[],[],医疗保健,上海市,上海市,徐汇区
B0JDTS8T07,荣仁堂正骨推拿,医疗保健服务;医药保健销售店;医疗保健用品,090602,徐汇商务大厦裕徳路168号1303,121.432623,31.185326,19121547119,[],[],医疗保健,上海市,上海市,徐汇区
B00152F2D7,汇丰大药房(经济大药房店),医疗保健服务;医药保健销售店;药房,090601,三汇路32、36-38(上海体育馆地铁站7号口步行450米),121.433272,31.179840,021-54890125,[],[],医疗保健,上海市,上海市,徐汇区
B0JDUNL1AK,上药新特云慈大药房(瑞金二路店),医疗保健服务;医药保健销售店;药房,090601,金谷村东北1门旁,121.465782,31.211195,,[],[],医疗保健,上海市,上海市,黄浦区
B0FFGI2149,国大药房(欣新法华镇路店),医疗保健服务;医药保健销售店;药房,090601,法华镇路383号,121.427858,31.204029,,[],[],医疗保健,上海市,上海市,长宁区
B0GKJ9ZC1O,第一医药(1931南洋店),医疗保健服务;医药保健销售店;药房,090601,裕德路125号南洋1931商场F1,121.433010,31.186202,021-54365039,[],[],医疗保健,上海市,上海市,徐汇区
B00155MNND,海王星辰健康药房(双峰店),医疗保健服务;医药保健销售店;药房,090601,双峰路360号,121.448943,31.181079,021-64272968,[],[],医疗保健,上海市,上海市,徐汇区
B0K6KR1ZCG,沪娘子本帮面馆,医疗保健服务;医药保健销售店;药房,090601,天钥桥路201号,121.442347,31.190854,13585571380,4.4,37.00,医疗保健,上海市,上海市,徐汇区
B00153DDDC,汇丰大药房(零陵店),医疗保健服务;医药保健销售店;药房,090601,零陵路248号(大木桥路地铁站3号口步行330米),121.459490,31.192324,021-64437030,[],[],医疗保健,上海市,上海市,徐汇区
B0FFLI0MIT,立聪堂助听器(上海徐家汇店),医疗保健服务;医药保健销售店;医疗保健用品,090602,漕溪北路18号上海实业大厦19层F座比邻东方商厦,121.437771,31.192636,021-64272457,[],[],医疗保健,上海市,上海市,徐汇区
B0FFM6M303,国大药房(仁盛店),医疗保健服务;医药保健销售店;药房,090601,枫林路155号-2临号底层,121.454851,31.197984,021-34161676,[],[],医疗保健,上海市,上海市,徐汇区
B0J2AP3NFO,思派大药房(宝地·新华店),医疗保健服务;医药保健销售店;药房,090601,安顺路88号宝地·新华F1层,121.422033,31.201830,,[],[],医疗保健,上海市,上海市,长宁区
B0H3FHAYLO,慈贯堂大药房,医疗保健服务;医药保健销售店;药房,090601,零陵路295号(东安路地铁站1号口步行300米),121.458145,31.192139,021-51286175;021-64263166,[],[],医疗保健,上海市,上海市,徐汇区
B0FFGZN06B,汇丰大药房(斜土店),医疗保健服务;医药保健销售店;药房,090601,斜土路2373号,121.447831,31.192097,021-64037570;13701625967,[],[],医疗保健,上海市,上海市,徐汇区
B0LAF5Z0O2,沪丰大药房(瑞通店),医疗保健服务;医药保健销售店;药房,090601,永嘉路31-1号,121.463529,31.210789,021-64158152,[],[],医疗保健,上海市,上海市,黄浦区
B0HBXHQF11,张奶奶海参(天钥桥店),医疗保健服务;医药保健销售店;医疗保健用品,090602,天钥桥路149号永新坊天钥桥路店F1层,121.443003,31.192153,021-54489969;18017627136;4008855683,4.1,[],医疗保健,上海市,上海市,徐汇区
B00155QCO9,汇丰大药房(同寿康药店),医疗保健服务;医药保健销售店;药房,090601,,121.458080,31.196924,021-64030196;021-64165937,[],[],医疗保健,上海市,上海市,徐汇区
B0JDHG30AZ,益丰大药房,医疗保健服务;医药保健销售店;药房,090601,宛平南路949号二楼,121.452596,31.182950,021-54668896,[],[],医疗保健,上海市,上海市,徐汇区
B0015570SA,海王星辰(上海医学院店),医疗保健服务;医药保健销售店;药房,090601,上海上海徐汇区医学院路14号-西,121.460098,31.200262,,[],[],医疗保健,上海市,上海市,徐汇区
B0LG7C1TNS,瑞思迈飞利浦万曼博毅雅呼吸机(上海总店),医疗保健服务;医药保健销售店;医疗保健用品,090602,肇嘉浜路159号友谊时代大厦11楼C座,121.464587,31.203103,18651903580;18913941098,[],[],医疗保健,上海市,上海市,徐汇区
B0I295JUNE,康复之家(平江路店),医疗保健服务;医药保健销售店;医疗保健用品,090602,平江路234-5号(肇嘉浜路地铁站2号口步行360米),121.453495,31.199489,021-64329656,[],[],医疗保健,上海市,上海市,徐汇区
B0L60M1S8W,Andrew品牌直营灰指甲·甲沟清理·嵌甲矫正,医疗保健服务;医药保健销售店;医疗保健用品,090602,宛平南路与辛耕路交叉口东南80米,121.446470,31.193730,,[],[],医疗保健,上海市,上海市,徐汇区
B00154DWMO,上海科院药房(肇嘉浜路店),医疗保健服务;医药保健销售店;药房,090601,肇嘉浜路526号(肇嘉浜路地铁站2号口步行310米),121.452856,31.200678,021-54920709,[],[],医疗保健,上海市,上海市,徐汇区
B0FFH0ZZ3T,GNC(美罗城店),医疗保健服务;医药保健销售店;医疗保健用品,090602,肇嘉浜路1111号美罗城3F层3-3A,121.439854,31.192784,021-54566927,3.9,[],医疗保健,上海市,上海市,徐汇区
B001556HYA,汇丰大药房(中南药店),医疗保健服务;医药保健销售店;药房,090601,中山南二路920-924号(近宛平南路),121.448975,31.184454,021-64383725,[],[],医疗保健,上海市,上海市,徐汇区
B0LDNL03YD,万曼飞利浦呼吸机制氧机(直营总店),医疗保健服务;医药保健销售店;医疗保健用品,090602,中山西路1277号4幢102室,121.420252,31.191614,18017384632;4008702038,[],[],医疗保健,上海市,上海市,长宁区
B0JKOLMEOX,鱼跃呼吸机制氧机体验销售中心(华鼎大厦南楼店),医疗保健服务;医药保健销售店;医疗保健用品,090602,中山西路2368号华鼎大厦1905室,121.432071,31.180594,021-33687767;13701754083;18016464095,[],[],医疗保健,上海市,上海市,徐汇区
B0G2M4XNG4,复美大药房(心宁店),医疗保健服务;医药保健销售店;药房,090601,宛平南路491号,121.448587,31.189383,021-54591398,[],[],医疗保健,上海市,上海市,徐汇区
B0FFMGZ41F,老百姓大药房(汇京国际广场店),医疗保健服务;医药保健销售店;药房,090601,淮海西路473号2层206室(虹桥路地铁站4号口步行90米),121.423567,31.196350,021-53308887;13916534158;15618349903,[],[],医疗保健,上海市,上海市,徐汇区
B00155EGHE,汇丰大药房(济生堂国药号店),医疗保健服务;医药保健销售店;药房,090601,永嘉路279号,121.459222,31.209360,,[],[],医疗保健,上海市,上海市,徐汇区
B00156O1YE,杏一医疗用品(瑞金二路店),医疗保健服务;医药保健销售店;医疗保健用品,090602,瑞金二路130-2号,121.465845,31.211065,021-64042988,[],[],医疗保健,上海市,上海市,黄浦区
B0L2YXY4BJ,瑞思迈飞利浦呼吸机大金制氧机(徐家汇旗舰店),医疗保健服务;医药保健销售店;医疗保健用品,090602,肇嘉浜路1065号飞雕国际大厦2806室,121.441386,31.194341,13391116781;13391380303,[],[],医疗保健,上海市,上海市,徐汇区
B0JD1A0XK3,上海圆目圆美医疗器械有限公司义眼装配中心(之俊大厦辅楼店),医疗保健服务;医药保健销售店;医疗保健用品,090602,斜土路之俊大厦东楼1221号三楼304,121.464417,31.199772,13816219431,[],[],医疗保健,上海市,上海市,徐汇区
B0K3AH983Z,瑞思迈呼吸机(瑞金商务中心店),医疗保健服务;医药保健销售店;医疗保健用品,090602,肇嘉浜路96号100栋502室,121.465214,31.205021,,[],[],医疗保健,上海市,上海市,黄浦区
B0FFF65ZR2,乐意医疗器械公司,医疗保健服务;医药保健销售店;医疗保健用品,090602,宜山路600号(急诊输液中心边上),121.423150,31.178491,021-64709827,[],[],医疗保健,上海市,上海市,徐汇区
B0FFGKV2ZH,杏一医疗用品(零陵路店),医疗保健服务;医药保健销售店;医疗保健用品,090602,零陵路547号,121.449253,31.188785,021-64080238,[],[],医疗保健,上海市,上海市,徐汇区
B001572ZRK,邢氏大连海参(斜土路店),医疗保健服务;医药保健销售店;医疗保健用品,090602,斜土路1441号(近大木桥路),121.460624,31.197883,021-64159787;15601895253,3.5,[],医疗保健,上海市,上海市,徐汇区
B0JBDCU07V,国药控股关爱药房(瑞金二路店),医疗保健服务;医药保健销售店;药房,090601,黄区绍兴路4号(打浦桥地铁站4号口步行490米),121.466034,31.210391,021-65031525,[],[],医疗保健,上海市,上海市,黄浦区
B0H1PUQHYK,海王星辰(上海宛平南路店),医疗保健服务;医药保健销售店;药房,090601,宛平南路520号-1,121.448215,31.189414,,[],[],医疗保健,上海市,上海市,徐汇区
B0FFK783B3,乔山健康科技(虹桥路店),医疗保健服务;医药保健销售店;医疗保健用品,090602,虹桥路606号一层(靠近番禺路),121.427525,31.193724,021-54562152,4.0,8481.00,医疗保健,上海市,上海市,徐汇区
B0H64ZI59J,上海情绪健康中心,医疗保健服务;医药保健销售店;医疗保健用品,090602,龙华中路600号B座1501室,121.458307,31.186015,021-54245570,[],[],医疗保健,上海市,上海市,徐汇区
B0J2H5JXVF,上药新特大药房,医疗保健服务;医药保健销售店;药房,090601,广汇花苑西南门旁(东安路地铁站4号口步行100米),121.454487,31.191591,,[],[],医疗保健,上海市,上海市,徐汇区
B0JBMU4ZP0,海王星辰健康药房(徐虹公寓店),医疗保健服务;医药保健销售店;药房,090601,徐虹公寓西南2门东南90米(宜山路地铁站出入口步行260米),121.425919,31.186144,021-64181691,[],[],医疗保健,上海市,上海市,徐汇区
B0FFJAU86O,高价回收购物卡冬虫夏草茅台酒礼品,医疗保健服务;医药保健销售店;医疗保健用品,090602,肇嘉浜路258-268号紫苑大厦,121.460898,31.203589,13585895998,4.1,[],医疗保健,上海市,上海市,徐汇区
B0I66HLCFM,泉源堂(平江路店),医疗保健服务;医药保健销售店;医疗保健用品,090602,平江路234号-67(肇嘉浜路地铁站2号口步行450米),121.453326,31.199462,021-64032858,[],[],医疗保健,上海市,上海市,徐汇区
B0K3FYM4CV,益丰大药房(斜土路店),医疗保健服务;医药保健销售店;药房,090601,清真路54号,121.458795,31.199284,021-64265807,[],[],医疗保健,上海市,上海市,徐汇区
B0KDHSIQ35,北京同仁堂港汇ole店,医疗保健服务;医药保健销售店;药房,090601,恭城路与虹桥路交叉口北140米,121.436686,31.194777,13801613942,[],[],医疗保健,上海市,上海市,徐汇区
B0KUH4FYX5,西嘉助听器(斜土路店),医疗保健服务;医药保健销售店;医疗保健用品,090602,斜土路1616号,121.457731,31.196464,,[],[],医疗保健,上海市,上海市,徐汇区
B0KDL1RXYB,嘉荫堂沪雷大药房(汾阳路店),医疗保健服务;医药保健销售店;药房,090601,汾阳路138号轻科大厦F1层,121.453018,31.210018,13166332557,[],[],医疗保健,上海市,上海市,徐汇区
B0KURH60FD,第一医药番禺路店,医疗保健服务;医药保健销售店;药房,090601,淮海西路239号(虹桥路地铁站4号口步行470米),121.426994,31.198336,,[],[],医疗保健,上海市,上海市,徐汇区
B0JAZ74ZR3,云康保中西药房·方心堂中医诊所,医疗保健服务;医药保健销售店;药房,090601,斜土路1861号,121.454166,31.195313,13601753188,[],[],医疗保健,上海市,上海市,徐汇区
B00154MFU9,上生生物制品经营有限公司门市部,医疗保健服务;医药保健销售店;医疗保健用品,090602,延安西路1326号生物大厦F1层,121.425859,31.209713,,[],[],医疗保健,上海市,上海市,长宁区
B00150CCDD,得一大药房(长新店),医疗保健服务;医药保健销售店;药房,090601,新华路532号,121.422601,31.204597,021-62800484,[],[],医疗保健,上海市,上海市,长宁区
B0LUTS4Z2K,京东大药房中山南二路店,医疗保健服务;医药保健销售店;药房,090601,中山南二路777弄5号(小区外商铺),121.454879,31.186132,13061861316,[],[],医疗保健,上海市,上海市,徐汇区
B00150DAE6,汇丰大药房(宛平店),医疗保健服务;医药保健销售店;药房,090601,宛平南路830-832号,121.451153,31.184355,021-64387196,[],[],医疗保健,上海市,上海市,徐汇区
B0KDJ76ORS,北京同仁堂(打浦桥日月光店),医疗保健服务;医药保健销售店;药房,090601,徐家汇路618号日月光中心徐家汇区B1层(盒马后门),121.469107,31.206393,18968781172,4.3,[],医疗保健,上海市,上海市,黄浦区
B0JGVS88F2,张奶奶海参(大木桥路店),医疗保健服务;医药保健销售店;医疗保健用品,090602,大木桥路442号(大木桥路地铁站4号口步行240米),121.462359,31.196100,021-64470737;19502154126;4008855683,4.1,[],医疗保健,上海市,上海市,徐汇区
B0LGUS50G8,老百姓大药房(天钥店),医疗保健服务;医药保健销售店;药房,090601,天钥桥路888(上海游泳馆地铁站2号口步行400米),121.444645,31.180043,,[],[],医疗保健,上海市,上海市,徐汇区
B0K37OWDVI,光喻脉轮疗愈颂钵冥想精油调香,医疗保健服务;医药保健销售店;医疗保健用品,090602,凯旋路与虹桥路交叉口北180米,121.421775,31.197275,,[],[],医疗保健,上海市,上海市,长宁区
B0FFI2RUYO,童涵春堂(东方商厦漕溪北路),医疗保健服务;医药保健销售店;医疗保健用品,090602,漕溪北路8号东方商厦F1层,121.438343,31.193245,,[],[],医疗保健,上海市,上海市,徐汇区
B0I2OCTLOO,AudioNova海之声助听器(宛平南路店)(暂停营业),医疗保健服务;医药保健销售店;医疗保健用品,090602,宛平南路660号,121.449858,31.186312,021-54365589,[],[],医疗保健,上海市,上海市,徐汇区
B0FFJHV3ZZ,上海安虹大药房,医疗保健服务;医药保健销售店;药房,090601,世纪花苑安顺路14号(虹桥路地铁站4号口步行480米),121.426233,31.199337,021-62148060,[],[],医疗保健,上海市,上海市,长宁区
B0G1GORPC6,燕之屋·碗燕燕窝(港汇恒隆广场店),医疗保健服务;医药保健销售店;医疗保健用品,090602,虹桥路1号上海港汇恒隆广场F6层,121.436741,31.194385,021-64170680,3.7,[],医疗保健,上海市,上海市,徐汇区
B0FFGZOI3N,康林仁和家庭医疗保健用品(平江店),医疗保健服务;医药保健销售店;医疗保健用品,090602,平江路234-9号(近中山医院),121.453301,31.199417,021-64043316,[],[],医疗保健,上海市,上海市,徐汇区
B0L1P636RQ,京东大药房,医疗保健服务;医药保健销售店;药房,090601,钦州北路172号1层,121.421399,31.180457,,[],[],医疗保健,上海市,上海市,徐汇区
B0JR6HHK5V,康耳助听器会员店(南丹东路店),医疗保健服务;医药保健销售店;医疗保健用品,090602,南丹东路81-83号,121.444934,31.190980,,[],[],医疗保健,上海市,上海市,徐汇区
B0FFJIT0KS,杏一医疗用品(斜土路店),医疗保健服务;医药保健销售店;医疗保健用品,090602,斜土路1646号-4,121.456198,31.195843,021-64686689,[],[],医疗保健,上海市,上海市,徐汇区
B0H17H5XOC,isbc科技美肤健康管理,医疗保健服务;医药保健销售店;医疗保健用品,090602,辛耕路85号,121.444256,31.193226,021-54257699;13501687741,4.0,[],医疗保健,上海市,上海市,徐汇区
B0KUKB7ADV,老百姓大药房(世康店),医疗保健服务;医药保健销售店;药房,090601,上海上海徐汇区龙山新村86-4号,121.445022,31.184745,021-64287122,[],[],医疗保健,上海市,上海市,徐汇区
B0LDGZ3HWC,众山大药房,医疗保健服务;医药保健销售店;药房,090601,斜土路1618-1号,121.457922,31.196596,021-66566268;15221015099,[],[],医疗保健,上海市,上海市,徐汇区
B0H2JNS81U,第一医药(天钥店),医疗保健服务;医药保健销售店;药房,090601,慈云街泰东新村(徐家汇地铁站2号口步行490米),121.440593,31.187748,021-64646062,[],[],医疗保健,上海市,上海市,徐汇区
B0KA17S4E2,中草药香囊,医疗保健服务;医药保健销售店;医疗保健用品|医疗保健服务;医药保健销售店;药房,090602|090601,泰康路248弄23-3号(打浦桥地铁站1号口步行80米),121.468687,31.208234,,4.1,[],医疗保健,上海市,上海市,黄浦区
B0L2JZ5JRE,飞利浦呼吸机·制氧机官方授权旗舰店,医疗保健服务;医药保健销售店;医疗保健用品,090602,襄阳南路218号A座501,121.457057,31.212115,17717469517,[],[],医疗保健,上海市,上海市,徐汇区
B0KA1AQ17Q,第一医药凯利店(凯利大厦店),医疗保健服务;医药保健销售店;药房,090601,淮海西路432号101-A室(凯利大厦内),121.427096,31.199162,18964256698,[],[],医疗保健,上海市,上海市,长宁区
B0L125U9S8,张奶奶海参(宛平南路店),医疗保健服务;医药保健销售店;医疗保健用品,090602,宛平南路489号-01临一层,121.448508,31.189508,021-64339383;19502135077,4.1,[],医疗保健,上海市,上海市,徐汇区
B0LGR5EGDN,飞利浦呼吸机官方旗舰店,医疗保健服务;医药保健销售店;医疗保健用品,090602,肇嘉浜路159号友谊时代大厦F11层,121.464525,31.203106,18201806360,[],[],医疗保健,上海市,上海市,徐汇区
B0LUJCAMWY,片仔癀国药堂(徐家汇店),医疗保健服务;医药保健销售店;药房,090601,漕溪北路581号1层,121.437342,31.187621,18301886699,4.0,[],医疗保健,上海市,上海市,徐汇区
B0FFHGNK6G,杏一医疗用品(平江路店),医疗保健服务;医药保健销售店;医疗保健用品,090602,平江路234-4号(肇嘉浜路地铁站2号口步行340米),121.453439,31.199468,021-64430522,[],[],医疗保健,上海市,上海市,徐汇区
B0L2FZ1L5W,万聪听力助听器上海旗舰中心,医疗保健服务;医药保健销售店;医疗保健用品,090602,肇嘉浜路159号友谊时代大厦11层C座(嘉善路地铁站2号口出直行300米至雅安路右转),121.464461,31.203122,17858322202,[],[],医疗保健,上海市,上海市,徐汇区
B00155LZ13,国大药房(龙华店)(暂停营业),医疗保健服务;医药保健销售店;药房,090601,龙华路2307号1-2层(龙华中路地铁站7号口步行350米),121.453689,31.183047,021-64752232,[],[],医疗保健,上海市,上海市,徐汇区
B0JKVUIZEH,心境界心理咨询(徐家汇店),医疗保健服务;医药保健销售店;药房,090601,零陵路583号(海洋石油大厦)1101室,121.447475,31.188275,021-33688813,3.8,[],医疗保健,上海市,上海市,徐汇区
B0GK2HHCCQ,西门子助听器(上海总店),医疗保健服务;医药保健销售店;医疗保健用品,090602,瑞金二路460号甲(打浦桥地铁站4号口步行170米),121.467237,31.205711,021-33632178;15601739978,[],[],医疗保健,上海市,上海市,黄浦区
B0L1NSW3YJ,武当纯阳康养馆,医疗保健服务;医药保健销售店;医疗保健用品,090602,昭化路43弄1号,121.429747,31.212796,021-31439414;17821735188,4.2,[],医疗保健,上海市,上海市,长宁区
B0KRPUMEPE,西嘉助听器(肇嘉浜路店),医疗保健服务;医药保健销售店;医疗保健用品,090602,肇嘉浜路96号100栋502,121.465173,31.205123,19116472208,[],[],医疗保健,上海市,上海市,黄浦区
B0LG2HL1EE,第一医药汇丰大药房(襄阳南路店),医疗保健服务;医药保健销售店;药房,090601,天平路街道襄阳南路297号,121.457897,31.209610,,[],[],医疗保健,上海市,上海市,徐汇区
B0JGRZ3KCD,上药新特大药房,医疗保健服务;医药保健销售店;药房,090601,宛平南路666号,121.449975,31.186275,021-54251763,[],[],医疗保健,上海市,上海市,徐汇区
B0FFH10446,新会陈皮武夷岩茶,医疗保健服务;医药保健销售店;医疗保健用品,090602,襄阳南路358号,121.457861,31.208088,13960622404,3.8,[],医疗保健,上海市,上海市,徐汇区
B0LKPUZOEK,章光101防脱养发荟(嘉汇国际广场店),生活服务;美容美发店;美容美发店|医疗保健服务;医药保健销售店;医疗保健用品,071100|090602,斜土路2601-2611号嘉汇广场,121.442925,31.188825,,3.9,104.00,医疗保健,上海市,上海市,徐汇区
B0J1PU1WJE,上海锦奇大药房,医疗保健服务;医药保健销售店;药房,090601,陕西南路287弄28号,121.462045,31.207024,13167090650,[],[],医疗保健,上海市,上海市,黄浦区
B0K3YDADKU,关爱禄院大药房(上海)有限公司,医疗保健服务;医药保健销售店;药房,090601,钦州路918号,121.425144,31.178873,021-54525683,[],[],医疗保健,上海市,上海市,徐汇区
B0I12M1XC4,第一医药(大木桥路店),医疗保健服务;医药保健销售店;药房,090601,大木桥路309号(大木桥路地铁站4号口步行390米),121.462319,31.197452,,[],[],医疗保健,上海市,上海市,徐汇区
B0FFFWWQDV,悠田生活(南丹东路店),医疗保健服务;医药保健销售店;医疗保健用品,090602,南丹东路111-7号,121.443244,31.190326,,3.7,[],医疗保健,上海市,上海市,徐汇区
B0JUAHRX7S,康信特大药房,医疗保健服务;医药保健销售店;药房,090601,小木桥路227弄3号西南底层,121.458034,31.197917,,[],[],医疗保健,上海市,上海市,徐汇区
B0IBASEE70,第一医药(斜土店),医疗保健服务;医药保健销售店;药房,090601,斜土路2373号,121.448000,31.192186,021-64037570,[],[],医疗保健,上海市,上海市,徐汇区
B0H6SZYRQQ,上海全程玖玖林宝护理站,医疗保健服务;医药保健销售店;医疗保健用品,090602,建国西路691号1幢西岸401-402,121.444855,31.200306,021-64079897,[],[],医疗保健,上海市,上海市,徐汇区
B0FFFP5S38,光华医院-中药房,医疗保健服务;医药保健销售店;药房,090601,新华路540号,121.422367,31.204956,,[],[],医疗保健,上海市,上海市,长宁区
B0K2PKGGOO,艾夭夭情趣成人用品(上海总店),医疗保健服务;医药保健销售店;医疗保健用品,090602,中山西路1265弄38号1层,121.420739,31.192867,17601354825,[],[],医疗保健,上海市,上海市,长宁区
B0KBX5DG4N,OPEN怦然心动.成人情趣杂货铺,医疗保健服务;医药保健销售店;医疗保健用品,090602,襄阳南路与建国西路交叉口北100米,121.457830,31.205925,18860403070,[],[],医疗保健,上海市,上海市,徐汇区
B0L6AHY3W1,关爱大药房宗山店,医疗保健服务;医药保健销售店;药房,090601,斜土路1632-1号,121.457639,31.196523,021-54565373,[],[],医疗保健,上海市,上海市,徐汇区
B00155QL4K,上海心灵花园心理咨询中心,医疗保健服务;医药保健销售店;医疗保健用品,090602,宛平南路470号(恒安阁)202室,121.447895,31.189801,021-22816449,4.0,[],医疗保健,上海市,上海市,徐汇区
B0J06AKL11,挚听助听器,医疗保健服务;医药保健销售店;医疗保健用品,090602,斜土路1642号(京东大药房内),121.456746,31.196045,17722457103,[],[],医疗保健,上海市,上海市,徐汇区
B0KKDL51MX,瑞思迈呼吸机(安顺路店),医疗保健服务;医药保健销售店;医疗保健用品,090602,安顺路88号宝地新华南B座南大堂3层,121.421920,31.201711,4006859537,[],[],医疗保健,上海市,上海市,长宁区
B0L0BUVBSK,瑞思迈呼吸机(徐汇绿地缤纷城店),医疗保健服务;医药保健销售店;医疗保健用品,090602,东安路562号绿地中心2期801-1室,121.457541,31.184295,18721792588,[],[],医疗保健,上海市,上海市,徐汇区
B0L12UV3CO,上药新特大药房(宛平路店),医疗保健服务;医药保健销售店;药房,090601,宛平南路725号-3,121.449804,31.187074,,[],[],医疗保健,上海市,上海市,徐汇区
B0LGO55ID7,百联第一医药,医疗保健服务;医药保健销售店;药房,090601,襄阳南路与永嘉路交叉口北60米,121.457905,31.209687,,[],[],医疗保健,上海市,上海市,徐汇区
B0KG6CN1XX,同祺智慧大药房(嘉善路店),医疗保健服务;医药保健销售店;药房,090601,嘉善路98号4号楼1层103室,121.459101,31.212244,18717707623,[],[],医疗保健,上海市,上海市,徐汇区
B0FFG27Z74,康林仁和家用医疗器械(龙华医院店),医疗保健服务;医药保健销售店;医疗保健用品,090602,宛平南路725号龙华医院门诊二楼,121.449645,31.188175,021-54242722,[],[],医疗保健,上海市,上海市,徐汇区
B0IUPR53YS,第一医药汇丰大药房·同寿康药店,医疗保健服务;医药保健销售店;药房,090601,斜土路1598号,121.459039,31.196895,,[],[],医疗保健,上海市,上海市,徐汇区
B0FFH0ZQBQ,北京同仁堂(汇金百货店),医疗保健服务;医药保健销售店;药房,090601,肇嘉浜路1000号汇金百货西区B1层,121.439991,31.195401,,[],[],医疗保健,上海市,上海市,徐汇区
B0KGLO2MQA,医保定点零售药店,医疗保健服务;医药保健销售店;药房,090601,瑞金南路与瞿溪路交叉口西北60米,121.468596,31.197793,,[],[],医疗保健,上海市,上海市,徐汇区
B0LG417LS4,华氏大药房,医疗保健服务;医药保健销售店;药房,090601,斜土路与小木桥路交叉口西60米,121.457875,31.196825,,[],[],医疗保健,上海市,上海市,徐汇区
B0J6NUMMXU,大连旺角湾海参,医疗保健服务;医药保健销售店;医疗保健用品,090602,天际花园东南门旁,121.444451,31.190810,,3.6,[],医疗保健,上海市,上海市,徐汇区
B0J23LC2WM,海都思迈养生会所(日月光中心店),医疗保健服务;医药保健销售店;药房,090601,瑞金二路411号B座1001室,121.467574,31.206991,,3.9,[],医疗保健,上海市,上海市,黄浦区
B0L2TR4PXC,蒙谷日记功效型养生馆,医疗保健服务;医药保健销售店;医疗保健用品,090602,虹桥路591弄2号,121.428761,31.193959,,[],[],医疗保健,上海市,上海市,徐汇区
B0K6SS1BEC,小仙炖鲜炖燕窝(上海港汇恒隆广场店),医疗保健服务;医药保健销售店;医疗保健用品,090602,虹桥路1号港汇恒隆广场六层608D,121.436905,31.194472,18321695733,3.8,[],医疗保健,上海市,上海市,徐汇区
B0I0BABQCN,第一医药金河大药房,医疗保健服务;医药保健销售店;药房,090601,宛平南路670号1层,121.449962,31.186134,,[],[],医疗保健,上海市,上海市,徐汇区
B0K6MMH5Q4,宝地·新华(思派大药房),医疗保健服务;医药保健销售店;药房,090601,安顺路88号宝地·新华,121.422175,31.201825,,[],[],医疗保健,上海市,上海市,长宁区
B0L1SHPYQF,觉熹催眠心理情绪精神疗愈,医疗保健服务;医药保健销售店;医疗保健用品,090602,斜土路2899号光启文化广场A座15楼1507,121.441327,31.185521,17274684368;18616212113,3.6,[],医疗保健,上海市,上海市,徐汇区
B0L3Z51AHR,香蕉成人情趣用品解压馆,医疗保健服务;医药保健销售店;医疗保健用品,090602,中山西路2006号603层楼(宜山路地铁站9号口步行240米),121.425809,31.182633,15502107801,[],[],医疗保健,上海市,上海市,徐汇区
B0LKYB2BVN,美埃净化科技(上海)有限公司,医疗保健服务;医药保健销售店;医疗保健用品,090602,宜山路455号光启城(宜山路地铁站出入口步行180米),121.428841,31.183763,15000197837;15926833720,[],[],医疗保健,上海市,上海市,徐汇区
B0L6U9H1BG,乾堃堂太极文武馆,医疗保健服务;医药保健销售店;药房,090601,宜山路515号新华博库书城一楼1-7,121.425867,31.180303,13501628896,3.5,[],医疗保健|体育休闲,上海市,上海市,徐汇区
B0FFF5HFVG,天寿堂国药号药房,医疗保健服务;医药保健销售店;药房,090601,天钥桥路65号(近肇嘉浜路)汇丰大药房,121.441390,31.193357,,[],[],医疗保健,上海市,上海市,徐汇区
B0JRHYDCQK,美医刻医疗器械·检测试纸·隐形眼镜·医美耗材(之俊大厦店),医疗保健服务;医药保健销售店;医疗保健用品,090602,斜土路与合宝路交叉口西100米,121.463971,31.199218,,[],[],医疗保健,上海市,上海市,徐汇区
B0KBF5R6XU,北京同仁堂亳州饮片(东方商厦店),医疗保健服务;医药保健销售店;药房,090601,漕溪北路8号东方商厦(旗舰店)B1层,121.437566,31.193359,,[],[],医疗保健,上海市,上海市,徐汇区
B0J2SRR1XX,德药师大药房,医疗保健服务;医药保健销售店;药房,090601,日晖新城西北门南50米(大木桥路地铁站1号口步行290米),121.465332,31.195943,,[],[],医疗保健,上海市,上海市,徐汇区
B0GK27K6CB,优蓓儿童健康,医疗保健服务;医药保健销售店;医疗保健用品,090602,延安西路1023号大众金融大厦B座701室,121.429888,31.212574,13611694833,[],[],医疗保健,上海市,上海市,长宁区
B0H6CSY4D7,亿夜晴成人情趣馆(一天下大厦店),医疗保健服务;医药保健销售店;医疗保健用品,090602,中山西路1265弄38号1楼,121.420598,31.192723,17601354825,[],[],医疗保健,上海市,上海市,长宁区
B0JKYUD5GE,东铵药房,医疗保健服务;医药保健销售店;药房,090601,广汇花苑西南门旁(东安路地铁站4号口步行80米),121.454484,31.191648,,[],[],医疗保健,上海市,上海市,徐汇区
B0IAV5IZT2,瑞金医疗用品商店,医疗保健服务;医药保健销售店;医疗保健用品,090602,瑞金二路132弄16号1号,121.465303,31.211534,,[],[],医疗保健,上海市,上海市,黄浦区
B0I2RXWVK7,零售药店(科汇小区店),医疗保健服务;医药保健销售店;药房,090601,科汇小区西北1门旁(徐家汇地铁站14号口步行270米),121.441391,31.193335,,[],[],医疗保健,上海市,上海市,徐汇区
B0K2P5L0CR,老西御堂冬虫夏草,医疗保健服务;医药保健销售店;医疗保健用品,090602,南丹东路123号老西御堂冬虫夏草,121.442768,31.190190,021-54610098,3.6,[],医疗保健,上海市,上海市,徐汇区
B0I2RRV8PC,零售药店(假日苑店),医疗保健服务;医药保健销售店;药房,090601,假日苑西南1门旁,121.427804,31.204046,,[],[],医疗保健,上海市,上海市,长宁区
B0FFHLN1JR,幸福家园,医疗保健服务;医药保健销售店;医疗保健用品,090602,久安小区东北1门旁(衡山路地铁站1号口步行450米),121.446783,31.200315,,[],[],医疗保健,上海市,上海市,徐汇区
B0JDO5ABNS,百联第一医药(三汇路店),医疗保健服务;医药保健销售店;药房,090601,三汇路与凯旋路交叉口东南40米,121.433277,31.179835,,[],[],医疗保健,上海市,上海市,徐汇区
B0JG0XC2XE,启廷保健(法华镇路店),医疗保健服务;医药保健销售店;医疗保健用品,090602,假日苑西南1门西60米,121.427476,31.204144,,[],[],医疗保健,上海市,上海市,长宁区
B0L0ZAE3NZ,赛呼康呼吸机官方旗舰店(上海总店),医疗保健服务;医药保健销售店;医疗保健用品,090602,东安路562号绿地中心2期801-1室,121.457523,31.184293,,[],[],医疗保健,上海市,上海市,徐汇区
B0G2MKVTBK,汾阳视听医学呼吸机验配助听器验配,医疗保健服务;医药保健销售店;医疗保健用品,090602,汾阳路与太原路交叉口西南80米,121.453147,31.209974,,[],[],医疗保健,上海市,上海市,徐汇区
B0KDY7SFYQ,上海市残联助听器指定验配中心,医疗保健服务;医药保健销售店;医疗保健用品,090602,西木小区西北门旁,121.457804,31.196321,,[],[],医疗保健,上海市,上海市,徐汇区
B0H2A78FED,LG生活健康,医疗保健服务;医药保健销售店;医疗保健用品,090602,徐家汇街道宛平南路98号永丰国际E栋7楼,121.445100,31.195353,,3.9,[],医疗保健,上海市,上海市,徐汇区
B0HAX7P2V2,美国AB耳蜗(上海听力体验中心),医疗保健服务;医药保健销售店;医疗保健用品,090602,肇嘉浜路1065号飞雕国际大厦908室,121.441360,31.194578,,[],[],医疗保健,上海市,上海市,徐汇区
B0KAOSYYJL,复旦大学附属肿瘤医院康实药房,医疗保健服务;医药保健销售店;药房,090601,复旦大学附属肿瘤医院3号楼(东安路地铁站4号口步行80米),121.454406,31.191800,,[],[],医疗保健,上海市,上海市,徐汇区
B0KKDL2FE2,瑞思迈呼吸机(建国中路店),医疗保健服务;医药保健销售店;医疗保健用品,090602,建国中路169号(靠近171号),121.467342,31.208639,13801605308,[],[],医疗保健,上海市,上海市,黄浦区
B0HRXZQCY7,欢喜情趣成人用品,医疗保健服务;医药保健销售店;医疗保健用品,090602,中山西路1919号北科大厦B座1207室,121.426047,31.183837,13056097225;15502841191,[],[],医疗保健,上海市,上海市,徐汇区
B0L11RLXEB,晴天大药房(医学院路店),医疗保健服务;医药保健销售店;药房,090601,中山新村西北门旁,121.455051,31.199074,,[],[],医疗保健,上海市,上海市,徐汇区
B0FFL1OYZ4,海幸大药房(陕西南路店),医疗保健服务;医药保健销售店;药房,090601,陕西南路287弄28号,121.462090,31.206897,021-64158230;13167090650,[],[],医疗保健,上海市,上海市,黄浦区
B0K1S18MQM,九灵康医疗器械连锁(瑞金医院店),医疗保健服务;医药保健销售店;医疗保健用品,090602,永嘉路与茂名南路交叉口西南40米,121.463282,31.210640,,[],[],医疗保健,上海市,上海市,黄浦区
B0KKDL5TTI,瑞思迈呼吸机(汇银广场店),医疗保健服务;医药保健销售店;医疗保健用品,090602,华山路2088号汇银广场南楼2306室,121.437081,31.196763,13761227877,[],[],医疗保健,上海市,上海市,徐汇区
B0LBLLR3GR,上海氢度七,医疗保健服务;医药保健销售店;医疗保健用品,090602,安顺路88号宝地·新华F3层,121.422175,31.201825,,[],[],医疗保健,上海市,上海市,长宁区
B0K0Z1URCE,美迪坷尔医疗器械(黄浦店),医疗保健服务;医药保健销售店;医疗保健用品,090602,瑞金南路与瞿溪路交叉口东南60米,121.469775,31.197225,,[],[],医疗保健,上海市,上海市,黄浦区
B0FFFA1D1X,博聆听力康复体验机构(徐家汇中心),医疗保健服务;医药保健销售店;医疗保健用品,090602,漕溪北路396大华汇智大厦204室,121.436379,31.187696,021-60904967,[],[],医疗保健,上海市,上海市,徐汇区
B0LUVDE1RK,源参堂参茸大卖场,医疗保健服务;医药保健销售店;医疗保健用品,090602,大木桥路与茶陵路交叉口南60米,121.462559,31.195815,,3.2,[],医疗保健,上海市,上海市,徐汇区
B0L11RLYBK,澳科利耳医疗器械,医疗保健服务;医药保健销售店;医疗保健用品,090602,肇嘉浜路与吴兴路交叉口西40米,121.445599,31.198278,,[],[],医疗保健,上海市,上海市,徐汇区
B0KURBXNNM,北京同仁堂(百联徐汇商业广场华山路店),医疗保健服务;医药保健销售店;药房,090601,华山路1988号百联徐汇商业广场1F层,121.437229,31.197116,,[],[],医疗保健,上海市,上海市,徐汇区
B0KRBXPP82,鱼跃医疗产品体验销售中心(华鼎大厦南楼店),医疗保健服务;医药保健销售店;医疗保健用品,090602,中山西路2368号华鼎大厦南楼,121.432071,31.180594,,[],[],医疗保健,上海市,上海市,徐汇区
B0K2V1POO8,叮当猫博士医疗器械(长宁店),医疗保健服务;医药保健销售店;医疗保健用品,090602,延安西路与安西路交叉口东140米,121.427825,31.209775,,[],[],医疗保健,上海市,上海市,长宁区
B0I6A7B6GJ,贵阳新天药业股份有限公司,医疗保健服务;医药保健销售店;药房,090601,东安路562号绿地缤纷城22楼,121.457689,31.184461,,[],[],医疗保健,上海市,上海市,徐汇区
B0H2A7678X,百洋医药(银统大厦南楼店),医疗保健服务;医药保健销售店;药房,090601,定西路988号银统大厦南楼F23层,121.423944,31.210353,,[],[],医疗保健,上海市,上海市,长宁区
B0LUASHV07,宠爱国际24小时动物诊疗中心·神经外科·CT核磁(中心医院),医疗保健服务;动物医疗场所;宠物诊所,090701,宜山路515号1层1-21-6室(新华书店旁),121.425602,31.180303,021-80206679,4.5,[],医疗保健,上海市,上海市,徐汇区
B0FFG75L2R,瑞鹏宠物医院皮肤科·心脏科·骨科中心(徐汇分院),医疗保健服务;动物医疗场所;宠物诊所,090701,辛耕路77号(永新世纪永新城),121.444703,31.193433,021-33686702,4.7,[],医疗保健,上海市,上海市,徐汇区
B0JBDAUYAV,上海领华动物医院(徐汇转诊中心),医疗保健服务;动物医疗场所;宠物诊所,090701,斜土路2422号,121.447125,31.191302,021-64380030;021-64383163,4.5,[],医疗保健,上海市,上海市,徐汇区
B0FFG75986,瑞鹏宠物医院·骨科专科·心脏专科(茶陵分院),医疗保健服务;动物医疗场所;宠物诊所,090701,茶陵路222号(大木桥路地铁站),121.465979,31.197640,021-64175996,4.6,[],医疗保健,上海市,上海市,徐汇区
B00155ID3F,领华宠医·医达眼科专科医院,医疗保健服务;动物医疗场所;宠物诊所,090701,中山南二路1011号(天钥桥路口),121.445906,31.181016,13381940664,4.4,[],医疗保健,上海市,上海市,徐汇区
B0G39KJH9X,安佳动物健康中心,医疗保健服务;动物医疗场所;宠物诊所,090701,斜土路1298-1308号,121.463242,31.198353,13636664081,4.5,[],医疗保健,上海市,上海市,徐汇区
B0G26UM6IP,信萌宠物医院(急重症·内窥镜中心),医疗保健服务;动物医疗场所;宠物诊所,090701,瑞平路53号103室,121.457914,31.182818,17721378854,4.3,[],医疗保健,上海市,上海市,徐汇区
B0KUHR7WZH,Joytails喜悦宠物服务(西岸中環店),医疗保健服务;动物医疗场所;动物医疗场所,090700,瑞宁路278号西岸中環1幢1层01部位L1-19号,121.468468,31.188856,15216820607,4.3,[],医疗保健,上海市,上海市,徐汇区
B0J0PH9OME,梅奥每诺家宠物医学中心,医疗保健服务;动物医疗场所;宠物诊所,090701,凯托大厦东北1门旁(宜山路地铁站9号口步行230米),121.425092,31.183312,,4.2,[],医疗保健,上海市,上海市,徐汇区
B0IUUC1JN0,梅奥宠物医学中心,医疗保健服务;动物医疗场所;宠物诊所,090701,中山西路1838号(宜山路地铁站9号口步行250米),121.424934,31.183477,021-64401976;021-64401977,4.5,[],医疗保健,上海市,上海市,徐汇区
B0K0VUKSTE,朋朋宠物诊所(法华路店),医疗保健服务;动物医疗场所;宠物诊所,090701,法华镇路520号(定西路),121.425183,31.204755,021-62948542,4.5,[],医疗保健,上海市,上海市,长宁区
B00156E1YG,长乐宠物(汇成桂苑东北),医疗保健服务;动物医疗场所;宠物诊所,090701,清真路40号(嘉善路地铁站4号口步行380米),121.459107,31.199454,,3.7,[],医疗保健,上海市,上海市,徐汇区
